Date,linkret,linkvol,aaveret,aavevol,makerret,makervol,kyberret,kybervol,zeroret,zerovol
"Dec 08, 2017",0.245,4528570,0.022394,501650,402.77,36391.4,1.34,15028900,0.267595,4576860
"Dec 09, 2017",0.239,3173600,0.021921,420458,426,3864.27,1.31,11555400,0.241584,3064890
"Dec 10, 2017",0.253,3142570,0.023055,687983,399.8,65533.7,1.22,11857300,0.228401,2475840
"Dec 11, 2017",0.261,7534170,0.022751,446921,486.51,71980.4,1.28,12061600,0.235145,3631750
"Dec 12, 2017",0.231,10320200,0.025442,6904120,621.99,118742,1.32,12071700,0.262825,6220020
"Dec 13, 2017",0.262,10439800,0.02379,3224710,820.75,100344,1.29,10077300,0.342906,11877700
"Dec 14, 2017",0.309,16021700,0.035728,10632800,802.79,63565.1,1.66,20394800,0.379367,14972500
"Dec 15, 2017",0.321,13211800,0.040949,17228100,791.04,206328,1.58,12895600,0.359391,7291850
"Dec 16, 2017",0.341,13859700,0.042673,10722900,1079.24,731649,1.73,11477300,0.383183,8364440
"Dec 17, 2017",0.418,20035600,0.066148,19584900,1070.19,259197,2.28,24405200,0.463769,13712400
"Dec 18, 2017",0.435,18220400,0.089312,36895400,1218.42,455522,2.88,28833800,0.511789,11392600
"Dec 19, 2017",0.439,13254800,0.073759,12921900,1394.94,1282490,2.72,25007500,0.564137,19760200
"Dec 20, 2017",0.373,10481200,0.060674,13460400,1277.57,262010,2.61,17779200,0.575164,13472300
"Dec 21, 2017",0.424,12030600,0.067087,12868000,1095.19,799675,2.59,16736300,0.57853,17172500
"Dec 22, 2017",0.427,14979800,0.052123,6961180,823.4,633680,2.15,13412200,0.498971,11644900
"Dec 23, 2017",0.578,24055000,0.066348,10535200,989.82,599721,2.25,11332800,0.645686,24164900
"Dec 24, 2017",0.544,15183200,0.061825,6967380,1005.6,245322,2.37,11938200,0.62846,11478700
"Dec 25, 2017",0.502,7740550,0.072906,9595270,1047.2,357740,2.41,12568500,0.696416,8668880
"Dec 26, 2017",0.521,10452900,0.084908,20758700,1064.33,943383,2.52,12686800,0.647725,12996000
"Dec 27, 2017",0.506,6065390,0.079841,9208230,1038.11,877151,2.4,10329300,0.669701,11866800
"Dec 28, 2017",0.507,5458410,0.116341,50559700,996.76,799689,2.42,11990700,0.646711,7802720
"Dec 29, 2017",0.486,5757530,0.221719,238696000,1007.08,800242,2.51,10801600,0.684076,9252790
"Dec 30, 2017",0.586,9126190,0.167018,54680700,918.43,528455,2.25,10866200,0.688402,9462650
"Dec 31, 2017",0.602,9962080,0.174934,37303700,959.91,814006,2.62,14615300,0.895721,20968200
"Jan 01, 2018",0.734,11506300,0.165049,18272200,970.09,502841,3.06,22476900,0.877714,19205400
"Jan 02, 2018",0.674,12671100,0.193894,40233600,1063.07,660736,3.42,27472100,0.896672,21864200
"Jan 03, 2018",0.681,8620400,0.198287,30567500,1074.53,809445,3.59,24648600,0.974472,18706300
"Jan 04, 2018",0.984,24679000,0.246613,66040600,1040.25,733011,3.41,23788600,1.05,19658400
"Jan 05, 2018",0.907,23599300,0.225407,49128300,1096.78,1657580,3.17,31078100,1.12,38594200
"Jan 06, 2018",1.06,16319300,0.282655,51607400,1216.9,2040790,3.98,34950900,1.36,37822200
"Jan 07, 2018",1.27,23308800,0.36978,198531008,1169.35,1802970,5.1,61758700,1.36,40839200
"Jan 08, 2018",1.38,25545400,0.369596,75891104,1112.88,1242620,4.8,41314100,1.91,72631600
"Jan 09, 2018",1.23,14301200,0.339553,57948100,1096.44,1557700,5.74,37437600,2.17,208910000
"Jan 10, 2018",1.19,11260700,0.322583,48560600,1076.53,1244900,5.2,26237500,2.15,81011400
"Jan 11, 2018",1.01,10009300,0.273889,43436800,1015.16,1686490,4.2,20044800,1.85,45923400
"Jan 12, 2018",1.05,9231200,0.299224,20380200,1327.88,976364,4.63,22352600,2.22,37064300
"Jan 13, 2018",1.1,12319900,0.277125,21250400,1422.99,710161,4.49,25910900,2.37,49679100
"Jan 14, 2018",1.01,5844480,0.228212,17625600,1403.11,378266,4.18,20195300,2,36420000
"Jan 15, 2018",0.878,8351260,0.183686,17754100,1234.02,891849,4.65,34848700,1.75,34993600
"Jan 16, 2018",0.756,8988860,0.14425,21442600,1063.18,1692020,3.44,25537400,1.57,49883900
"Jan 17, 2018",0.699,7658770,0.172094,28740500,1046.27,1041520,3.19,21311900,1.52,39263200
"Jan 18, 2018",0.744,5953820,0.185469,31670700,1654.82,2448320,3.25,25672400,1.65,25391700
"Jan 19, 2018",0.813,7383730,0.187488,19139700,1560.26,1521410,4.01,55232300,1.81,21806000
"Jan 20, 2018",1.22,13848900,0.19594,16547900,1690.19,1254440,4.44,36904700,2.04,25539700
"Jan 21, 2018",0.888,22703900,0.158295,11121700,1576.73,1261940,3.63,43106800,1.71,15587600
"Jan 22, 2018",0.803,12408600,0.159271,19092400,1524.56,1408450,3.46,39804000,1.68,21507700
"Jan 23, 2018",0.802,7552930,0.186841,56601600,1523.41,1562460,3.37,34745900,1.59,18675000
"Jan 24, 2018",0.793,6451640,0.166339,22088500,1535.29,1786450,3.36,37875300,1.66,16389700
"Jan 25, 2018",0.76,6271900,0.168779,12860300,1345.57,2070310,3.4,43859700,1.63,16177100
"Jan 26, 2018",0.71,5618280,0.169957,15766200,1472.36,1693530,3.76,25988700,2.04,47746300
"Jan 27, 2018",0.781,14915400,0.168879,9985470,1439.89,1847870,3.79,14706400,2.09,65038500
"Jan 28, 2018",0.761,9034380,0.165653,9433560,1488.36,2374320,3.93,19506000,1.98,24255700
"Jan 29, 2018",0.698,5220320,0.169988,15201200,1403.35,1049540,3.94,28884900,1.85,17848200
"Jan 30, 2018",0.597,5598540,0.138905,7346920,1277.84,1076760,3.6,18877600,1.59,18317000
"Jan 31, 2018",0.62,6957010,0.134781,5070430,1386.99,1062640,4.11,24615000,1.85,21686200
"Feb 01, 2018",0.52,6605630,0.109886,8012760,1272.67,700913,3.54,16993000,1.6,30422600
"Feb 02, 2018",0.495,7123780,0.102394,7362940,1148.23,716121,3.42,12133700,1.3,26332600
"Feb 03, 2018",0.519,5826330,0.11145,6212740,1212.87,543682,3.89,8116920,1.39,14554900
"Feb 04, 2018",0.434,5171480,0.088812,4473850,1061.91,579735,3.35,11530400,1.15,13450500
"Feb 05, 2018",0.342,4347320,0.067087,3694010,821.42,1266110,2.58,7429440,0.817119,16094600
"Feb 06, 2018",0.425,6105750,0.08452,5261740,910.79,501568,3.07,11161400,1.02,18000300
"Feb 07, 2018",0.377,5201810,0.078029,4281750,914.29,412692,2.8,6382420,0.993355,13476600
"Feb 08, 2018",0.411,5285960,0.083171,5234510,1008.62,751872,3.1,6316880,1.07,12992800
"Feb 09, 2018",0.435,3047610,0.095067,1690810,1093.8,643441,3.39,3555750,1.14,5979420
"Feb 10, 2018",0.42,3474900,0.085331,5452770,1064.13,891114,3.21,10380200,1.1,10828700
"Feb 11, 2018",0.416,2544010,0.079319,4214530,987.8,643665,2.79,10079100,0.979054,4888770
"Feb 12, 2018",0.49,7646360,0.085578,3343550,1074.47,936639,2.83,10051900,1.03,6619560
"Feb 13, 2018",0.571,30283200,0.081056,2491570,1010.04,664687,2.64,11222400,0.967812,12220300
"Feb 14, 2018",0.568,11953100,0.100267,18155300,1119.5,900798,2.7,9502420,1.07,11780000
"Feb 15, 2018",0.565,7288970,0.098716,9199880,1136.92,886075,2.76,10666700,1.4,26781300
"Feb 16, 2018",0.64,9385160,0.114917,10802000,1143.95,1683010,2.93,6878010,1.29,82943000
"Feb 17, 2018",0.672,8038940,0.136886,40128800,1165.32,1223070,2.92,6526550,1.28,17435200
"Feb 18, 2018",0.762,15946800,0.118123,9626020,1077.59,1327250,2.58,5362450,1.16,10089200
"Feb 19, 2018",0.774,29965000,0.130381,8618470,1111.34,1206840,2.58,4760120,1.18,7981530
"Feb 20, 2018",0.7,11664800,0.111776,6323150,1057.06,814543,2.27,6848230,1.01,11695000
"Feb 21, 2018",0.654,7049450,0.105673,4696010,993.29,882767,2.16,7569490,0.943307,10796500
"Feb 22, 2018",0.602,5678200,0.095417,5220540,959.04,1210590,2.07,4092330,0.903932,6338430
"Feb 23, 2018",0.675,6902820,0.108005,10158700,1024.78,911752,2.14,3038190,0.979024,5936610
"Feb 24, 2018",0.651,5582380,0.103639,6093860,986.05,1371900,1.98,3204390,0.920412,8140960
"Feb 25, 2018",0.676,5793540,0.099944,2961220,997.77,687989,1.95,2605200,0.974205,10967400
"Feb 26, 2018",0.691,4113690,0.099575,3918450,1037.54,651886,2.02,2570910,1.03,8738640
"Feb 27, 2018",0.724,5426840,0.108911,5316070,1054.3,332902,2.01,3529410,0.99308,17494200
"Feb 28, 2018",0.661,4943770,0.096094,4751240,1028.82,312214,1.73,3686690,0.917173,6891760
"Mar 01, 2018",0.663,3992240,0.099156,4292130,1044.7,1106640,1.89,3383640,0.962535,8661110
"Mar 02, 2018",0.653,3763040,0.093637,3980010,1015.29,1038790,1.82,5090810,0.938003,7594580
"Mar 03, 2018",0.629,3547810,0.089985,3873650,1005.8,798650,1.82,5753160,0.917723,6815010
"Mar 04, 2018",0.593,4243320,0.089844,4717320,974.04,603578,1.83,5308880,0.921463,5709570
"Mar 05, 2018",0.587,4530590,0.085351,3374270,968.61,900388,2.02,17030600,0.887579,6025120
"Mar 06, 2018",0.534,3218950,0.075291,2597420,947.8,612383,1.75,8111770,0.784441,6516140
"Mar 07, 2018",0.521,5364650,0.065379,4696940,856.1,885248,1.52,6734160,0.696557,7856390
"Mar 08, 2018",0.486,3397200,0.058069,2028400,834.79,687914,1.38,3250810,0.641815,6500550
"Mar 09, 2018",0.481,3412130,0.061927,2250920,827.32,876707,1.29,4859010,0.645375,5198880
"Mar 10, 2018",0.468,2491710,0.056726,3900860,795.99,1352570,1.22,5126940,0.635473,7654580
"Mar 11, 2018",0.514,2527380,0.062486,2182440,833.43,756465,1.31,5228620,0.682246,4172970
"Mar 12, 2018",0.51,5513180,0.057693,3166970,810.51,842693,1.26,4417600,0.628817,4099150
"Mar 13, 2018",0.564,4227540,0.057089,3374160,804.29,708845,1.28,6610550,0.595122,5484210
"Mar 14, 2018",0.444,5288160,0.04849,2980850,750.18,655764,1.13,5668850,0.51839,4919120
"Mar 15, 2018",0.42,8460960,0.049962,2274930,734.2,671045,1.12,5164800,0.486085,4601280
"Mar 16, 2018",0.424,10271100,0.050459,2613520,710.6,712502,1.11,4321180,0.503941,4675690
"Mar 17, 2018",0.374,9340520,0.04566,1061950,662.71,218728,1.03,3591130,0.444696,3134240
"Mar 18, 2018",0.373,9742300,0.043708,2104850,670.43,753135,0.995171,4480290,0.441154,5900160
"Mar 19, 2018",0.382,8994920,0.045927,2129250,692.24,463696,1.14,5494960,0.464974,3859170
"Mar 20, 2018",0.392,8897510,0.050638,2253480,710.57,469812,1.26,8346810,0.534654,6190060
"Mar 21, 2018",0.445,12823600,0.052658,3319860,708.19,148390,1.32,8149520,0.582054,7988280
"Mar 22, 2018",0.419,10720800,0.050424,2495870,686.59,134714,1.29,5362740,0.578416,8667940
"Mar 23, 2018",0.409,9846940,0.052739,3110950,706.5,51688.7,1.35,6839930,0.554259,5367430
"Mar 24, 2018",0.419,8999810,0.054252,4150440,688.72,89348.3,1.44,10285100,0.5979,5652270
"Mar 25, 2018",0.406,8585700,0.057241,4554250,680.64,57395.6,1.38,7518250,0.595489,4898480
"Mar 26, 2018",0.371,9116330,0.051575,4364700,643.26,208885,1.23,8545780,0.659132,45730400
"Mar 27, 2018",0.343,6654480,0.051595,4009560,590.98,132833,1.17,4236870,0.637713,32818400
"Mar 28, 2018",0.351,8432800,0.054239,2854010,580.03,209768,1.19,5456790,0.633827,11336500
"Mar 29, 2018",0.28,8848710,0.044949,1620230,498.16,1943640,0.995015,5216290,0.5354,8268510
"Mar 30, 2018",0.287,7631570,0.043693,1349470,513.58,114540,1.02,3843440,0.513417,5662420
"Mar 31, 2018",0.28,7349410,0.044431,1030390,517.55,58319,0.998471,4617870,0.547294,4848730
"Apr 01, 2018",0.262,7962260,0.039848,1131690,488.91,56166.2,0.932025,4787510,0.504651,5419080
"Apr 02, 2018",0.274,7697230,0.042646,1059020,504.46,63933.5,0.974279,4495100,0.531577,4329230
"Apr 03, 2018",0.295,8705370,0.045337,1302320,526.3,96666.1,1.05,4721080,0.595733,10138500
"Apr 04, 2018",0.29,8929810,0.039731,983347,503.57,54718.1,0.907575,4364490,0.521539,5016430
"Apr 05, 2018",0.287,9738160,0.041347,1313000,502.49,65316,0.896583,4723050,0.545786,35059200
"Apr 06, 2018",0.275,7671220,0.039215,660551,484.15,111595,0.878587,4010810,0.51904,6396980
"Apr 07, 2018",0.304,8668510,0.04021,792107,511.93,75473.2,0.985446,5279040,0.540932,4952320
"Apr 08, 2018",0.327,10058800,0.042099,597070,526.41,41781.2,0.99397,5081520,0.569958,7168460
"Apr 09, 2018",0.312,9020550,0.040143,631530,530.82,218185,0.992091,6345480,0.538626,5771320
"Apr 10, 2018",0.356,9540080,0.040149,860741,568.91,248767,1.04,8456530,0.55965,4924860
"Apr 11, 2018",0.359,10603500,0.043422,1713050,591.49,839176,1.11,10281600,0.601094,14279900
"Apr 12, 2018",0.387,11536600,0.048039,2304990,660.29,226496,1.26,11925600,0.69086,11778600
"Apr 13, 2018",0.382,11271600,0.053757,9224210,698.51,382834,1.32,11943600,0.683492,9751480
"Apr 14, 2018",0.394,9167990,0.053925,4738810,717.08,162168,1.33,12672600,0.734964,9601650
"Apr 15, 2018",0.424,10745200,0.059119,2649600,770.71,179877,1.37,12089200,0.794809,9953590
"Apr 16, 2018",0.41,9864350,0.055818,1847010,742.04,234067,1.4,14243500,0.748151,9432380
"Apr 17, 2018",0.417,11459000,0.059331,5117260,749.9,151414,1.39,12960400,0.832962,17849000
"Apr 18, 2018",0.446,11779200,0.066493,7734420,775.74,500472,1.52,13888000,0.921562,19961100
"Apr 19, 2018",0.483,12987800,0.068876,2865580,851.54,444714,1.58,16698100,0.910871,12641600
"Apr 20, 2018",0.481,12657700,0.071545,4094480,909.99,187741,1.67,14215300,0.987393,13211600
"Apr 21, 2018",0.491,13561900,0.066894,3095150,908.37,193786,1.64,11817400,0.925737,13669900
"Apr 22, 2018",0.499,12728200,0.072876,5875400,923.29,239192,1.7,11912800,0.989329,12194800
"Apr 23, 2018",0.492,13159300,0.076068,5054640,926.9,521808,1.93,19392700,1,12697400
"Apr 24, 2018",0.537,14352600,0.082906,4307480,1047.54,1445500,2.18,28562900,1.18,20916100
"Apr 25, 2018",0.434,11093000,0.068387,4073200,898.27,1086360,1.99,16136800,1,21908800
"Apr 26, 2018",0.49,9472480,0.075157,2390330,1010.22,507992,2.61,154904000,1.14,22609800
"Apr 27, 2018",0.452,9550110,0.072034,1776660,996.33,135676,2.65,116505000,1.07,11468700
"Apr 28, 2018",0.484,11109500,0.080286,3694950,1064.61,174175,2.88,37580100,1.2,12163300
"Apr 29, 2018",0.516,13234600,0.082594,2997220,1075.23,601462,2.77,51099000,1.29,15139900
"Apr 30, 2018",0.545,16614200,0.083473,4934910,1048.72,131845,2.64,38829400,1.18,15398400
"May 01, 2018",0.55,11765500,0.092681,10571300,1042.01,97283,2.6,18810100,1.2,8402910
"May 02, 2018",0.565,12012700,0.093889,7623670,1038.97,176261,2.65,15831700,1.32,18364000
"May 03, 2018",0.568,12504300,0.095278,5393660,1141.7,218963,2.58,18637100,1.47,41261000
"May 04, 2018",0.583,9514950,0.096902,5174880,1143.79,358328,2.5,25323000,1.74,66082900
"May 05, 2018",0.572,8913690,0.092992,2991020,1154.58,1337290,2.46,22520600,1.64,42183700
"May 06, 2018",0.538,10221100,0.08539,3020250,1066.23,721690,2.3,21862100,1.6,26020400
"May 07, 2018",0.573,11589100,0.081757,2353410,1026.06,223153,2.34,25949300,1.71,51526300
"May 08, 2018",0.553,11448600,0.079872,2205600,1008.54,162549,2.26,27067100,1.74,62004400
"May 09, 2018",0.54,8745840,0.07549,2891830,1024.29,164928,2.26,29776100,1.72,42871100
"May 10, 2018",0.526,8782470,0.071389,2241810,1070.39,2043870,2.22,61775700,1.87,79254200
"May 11, 2018",0.468,7637640,0.062277,2442930,952.77,510666,1.98,35688500,1.68,73323696
"May 12, 2018",0.465,5915750,0.06186,1370850,938.13,294540,2.09,30203900,1.65,31528600
"May 13, 2018",0.503,7268850,0.068035,1608140,991.02,195475,2.1,31141300,1.76,26815200
"May 14, 2018",0.517,7448630,0.066189,2778120,958.85,480194,2.2,31662200,1.55,39254100
"May 15, 2018",0.504,4057270,0.061689,1327410,927.68,322976,1.99,30701400,1.49,25323200
"May 16, 2018",0.481,2304810,0.060803,970626,899.51,201531,1.91,23301700,1.37,22546000
"May 17, 2018",0.444,1213040,0.057678,1121790,868.32,57979.2,1.82,19886300,1.25,17967300
"May 18, 2018",0.457,1238790,0.057012,1233840,907.4,56991.2,1.8,18822000,1.31,13513400
"May 19, 2018",0.453,1142290,0.057667,840791,893.81,181159,1.81,19479400,1.46,21572600
"May 20, 2018",0.453,1025440,0.059274,722321,922.77,359353,1.89,18954000,1.46,17562300
"May 21, 2018",0.424,1486740,0.055997,814249,904.69,213875,1.77,18836800,1.34,11400100
"May 22, 2018",0.377,1350350,0.049327,1070650,859.02,550632,1.61,17057000,1.16,13504300
"May 23, 2018",0.349,1671040,0.044295,1131920,760.67,1293800,1.39,16570100,1.34,109784000
"May 24, 2018",0.361,994366,0.046069,843046,781.23,251658,1.47,15964500,1.36,69716304
"May 25, 2018",0.343,884160,0.044494,612411,780.38,268019,1.37,18430900,1.28,24881000
"May 26, 2018",0.365,2132460,0.043437,484651,755.51,82812.9,1.3,15249700,1.21,16562000
"May 27, 2018",0.345,1537460,0.042887,274697,767.89,394412,1.29,13004200,1.18,13848800
"May 28, 2018",0.316,1893850,0.039399,513022,701.75,216474,1.17,14453600,1.04,17668100
"May 29, 2018",0.351,2054720,0.044988,1098970,751.36,154890,1.26,15163100,1.25,33023800
"May 30, 2018",0.336,1887930,0.044419,1188760,740.53,97378.2,1.23,13972000,1.24,61238000
"May 31, 2018",0.345,1893860,0.045943,903923,752.74,104654,1.33,15714900,1.28,24019900
"Jun 01, 2018",0.35,1749230,0.046523,760746,770.33,115444,1.51,24417200,1.25,15376300
"Jun 02, 2018",0.367,1931240,0.048832,953154,787.65,251499,1.54,24827600,1.28,18035800
"Jun 03, 2018",0.362,1784810,0.0484,819542,808.57,92521.1,1.55,19258400,1.34,18679900
"Jun 04, 2018",0.341,1482450,0.045323,784957,794.14,125065,1.45,16596700,1.24,16008100
"Jun 05, 2018",0.336,1150320,0.045541,530292,799.24,517902,1.45,12427500,1.27,14802100
"Jun 06, 2018",0.33,958238,0.043941,541848,796.97,375265,1.42,11588700,1.33,17778000
"Jun 07, 2018",0.307,1534880,0.043398,621375,795.26,297481,1.41,11548400,1.29,15059000
"Jun 08, 2018",0.294,1653140,0.044384,412770,784.77,42033.6,1.37,13005600,1.27,11553900
"Jun 09, 2018",0.298,980861,0.045478,1712200,782.63,74849.5,1.33,10198200,1.23,9623670
"Jun 10, 2018",0.242,1404290,0.038489,1035400,685.63,123650,1.11,8710260,1.06,17417800
"Jun 11, 2018",0.263,822274,0.039213,578899,694.94,157922,1.15,6628540,1.07,12220200
"Jun 12, 2018",0.229,1093790,0.033685,617619,652.69,109627,1.03,6815290,0.904317,18970100
"Jun 13, 2018",0.215,1545500,0.031815,527885,604.28,298301,0.946259,6512420,0.821614,13819300
"Jun 14, 2018",0.24,1224850,0.035017,404522,620.02,407584,1.05,6589800,0.945688,16718500
"Jun 15, 2018",0.224,420554,0.031875,339183,574.82,268565,1.01,5115870,0.879401,10903400
"Jun 16, 2018",0.222,491185,0.032116,304142,555.96,359655,0.988264,5055250,0.876575,8392000
"Jun 17, 2018",0.214,659047,0.032275,172723,538.64,138306,0.988987,4491000,0.844041,6825570
"Jun 18, 2018",0.21,649237,0.033419,220737,548.34,155346,1.02,5116210,0.871791,10855700
"Jun 19, 2018",0.221,636392,0.033495,266168,565.85,91244.1,0.999265,5246640,0.878792,10040200
"Jun 20, 2018",0.226,1090550,0.03276,368582,570.4,133761,0.986538,5107690,0.877894,9302830
"Jun 21, 2018",0.213,916385,0.031637,271719,573.87,32454.9,0.951348,4887330,0.849209,7929030
"Jun 22, 2018",0.186,976667,0.025642,538826,526.43,133458,0.833704,5110640,0.736945,12611600
"Jun 23, 2018",0.194,473507,0.025532,331341,537.38,28426.8,0.815059,4639200,0.724378,6520750
"Jun 24, 2018",0.187,486218,0.022408,597114,512.75,57657,0.798243,4177550,0.681018,9599880
"Jun 25, 2018",0.18,534090,0.023949,337839,522.24,85704.1,0.893491,4771540,0.705315,7304940
"Jun 26, 2018",0.171,466123,0.022284,239398,485.58,314648,0.844442,4447740,0.626104,5945360
"Jun 27, 2018",0.172,450340,0.024108,343128,491.49,29987.4,0.820217,4961950,0.642297,6489030
"Jun 28, 2018",0.166,1015270,0.022368,1924860,490.61,50428.5,0.764767,4241330,0.607078,6446650
"Jun 29, 2018",0.181,435250,0.024169,457402,521.24,88560.8,0.847461,7004030,0.660468,9439390
"Jun 30, 2018",0.227,1331670,0.027591,1034820,530.92,115533,0.945983,11780700,0.791598,25434300
"Jul 01, 2018",0.221,552528,0.032472,3211360,531.9,119618,0.895227,6127250,0.796163,12751400
"Jul 02, 2018",0.249,832198,0.033663,3868490,567.42,260602,0.992207,8364520,0.950831,40158300
"Jul 03, 2018",0.237,721174,0.032856,3734440,546.45,93419.7,1.01,13265500,0.891924,21272400
"Jul 04, 2018",0.232,617233,0.034369,1406650,547.6,63590.6,0.933884,5411980,0.949942,18949000
"Jul 05, 2018",0.218,646977,0.031937,1098370,549.03,71664.4,0.999987,10880400,1,24463900
"Jul 06, 2018",0.23,458131,0.031885,379238,548,90824.9,0.992697,5942460,1.01,16446100
"Jul 07, 2018",0.25,1712400,0.031971,329423,571.15,85054.1,1.01,5406860,0.993832,12927900
"Jul 08, 2018",0.247,497111,0.030956,326816,574.09,63922.2,1.01,5610660,0.968053,9585390
"Jul 09, 2018",0.235,575313,0.029024,282338,569.57,65371.9,0.965396,4761960,0.912537,9589910
"Jul 10, 2018",0.211,584208,0.025291,782415,554.33,145450,0.844229,5496500,0.81849,11830600
"Jul 11, 2018",0.207,531092,0.024711,322943,568.07,166170,0.865617,4930480,0.839491,10384700
"Jul 12, 2018",0.205,598761,0.024582,388435,555.98,336822,0.849594,4471330,0.776604,8523490
"Jul 13, 2018",0.201,776288,0.025076,392224,558.94,146196,0.859818,5003430,0.977515,38241500
"Jul 14, 2018",0.195,499009,0.024717,280098,557.48,155067,0.879513,3188230,0.993604,23150400
"Jul 15, 2018",0.199,398773,0.025656,176740,573.46,370642,0.89685,3999540,1.11,44420400
"Jul 16, 2018",0.223,696931,0.028721,895184,598.51,311330,0.966823,4643480,1.16,31065300
"Jul 17, 2018",0.249,849921,0.031244,1298350,667.95,757716,1,5399000,1.25,33870000
"Jul 18, 2018",0.24,913101,0.031411,3384880,648.78,1093170,1.04,6404020,1.21,33282800
"Jul 19, 2018",0.23,684897,0.029942,674926,616.48,758094,1.05,6466140,1.25,22278400
"Jul 20, 2018",0.216,583083,0.027066,489392,603.9,513185,0.933663,5438820,1.06,22675500
"Jul 21, 2018",0.223,987338,0.027783,326842,622.28,503033,0.940399,4406960,1.15,24756500
"Jul 22, 2018",0.201,877479,0.026363,326513,608.44,263359,0.92642,4301060,1.13,23267800
"Jul 23, 2018",0.197,751454,0.025111,481557,610.17,438567,0.916684,4733000,1.13,19527200
"Jul 24, 2018",0.203,1061290,0.025817,482346,641.49,394566,0.919674,4593280,1.11,30631400
"Jul 25, 2018",0.244,4145790,0.026816,445881,644.32,612094,0.921433,5172880,1.17,25185700
"Jul 26, 2018",0.252,2378590,0.025075,682978,631.82,361773,0.897464,4278160,1.08,18986100
"Jul 27, 2018",0.267,2030030,0.026387,293026,648.96,120437,0.908858,29380300,1.15,48542400
"Jul 28, 2018",0.28,1182800,0.025837,294904,628.34,19367,0.907996,22192600,1.24,72887904
"Jul 29, 2018",0.329,5325900,0.025938,470038,650.78,41693.7,0.895903,10456500,1.2,33037500
"Jul 30, 2018",0.318,3691130,0.027179,1106470,638.26,182004,0.861441,10317700,1.16,29318800
"Jul 31, 2018",0.294,2272300,0.024379,846277,609.52,108317,0.798658,16591600,1.08,60530300
"Aug 01, 2018",0.287,1546730,0.023267,391622,593.78,46225.9,0.751571,9354420,1.05,46499400
"Aug 02, 2018",0.31,1954190,0.022517,265798,584.2,170048,0.711034,10090400,0.95766,23212900
"Aug 03, 2018",0.285,1460180,0.021089,457863,556.27,191160,0.709113,8568420,0.964244,27356100
"Aug 04, 2018",0.258,1284510,0.01909,290354,548.79,155862,0.676355,6175440,0.939587,16855200
"Aug 05, 2018",0.254,866923,0.019698,162930,564.68,164037,0.691795,5147570,0.960518,19173400
"Aug 06, 2018",0.236,723640,0.019038,174081,542.18,131891,0.669721,5121500,0.946787,15885000
"Aug 07, 2018",0.234,1039530,0.018214,410751,518.84,274238,0.63751,5241730,0.904141,19143700
"Aug 08, 2018",0.228,996081,0.016162,613614,509.43,616748,0.54937,6228410,0.843199,16738600
"Aug 09, 2018",0.276,5960760,0.017246,195140,515.29,272003,0.570703,7630680,0.939295,14738000
"Aug 10, 2018",0.275,4713140,0.016202,465991,474.63,368763,0.53457,5573610,0.865099,15676800
"Aug 11, 2018",0.271,3237720,0.015505,443288,474.21,707828,0.498902,4092720,0.853949,15009700
"Aug 12, 2018",0.284,2512980,0.015278,343300,474.36,196767,0.488829,5142500,0.865974,10323100
"Aug 13, 2018",0.259,2741600,0.013135,371620,420.21,402101,0.413877,7867220,0.764907,21661900
"Aug 14, 2018",0.272,3309590,0.011985,295109,401.29,733677,0.412062,5742300,0.679016,20264900
"Aug 15, 2018",0.258,2353510,0.012249,292718,407.9,442452,0.425441,4731460,0.684661,16447600
"Aug 16, 2018",0.268,1733710,0.01258,276575,423.99,487917,0.429496,4221030,0.718532,10949400
"Aug 17, 2018",0.292,2160710,0.014874,643249,446.75,416306,0.498257,5709050,0.830135,19753500
"Aug 18, 2018",0.273,1755680,0.013323,596553,433.55,92589.5,0.457764,4003950,0.751324,15125200
"Aug 19, 2018",0.302,2567610,0.01386,230898,456.79,465103,0.474776,3294680,0.76354,17500800
"Aug 20, 2018",0.287,1424350,0.012717,144798,422.38,163838,0.431437,3512210,0.706612,12988200
"Aug 21, 2018",0.312,3836640,0.012522,308728,430.23,115973,0.495877,8445110,0.708326,13751200
"Aug 22, 2018",0.315,2623480,0.011961,310808,411.79,289982,0.447892,3898970,0.667719,19690500
"Aug 23, 2018",0.321,2108960,0.012873,180424,432.22,225255,0.487421,3163570,0.714227,17357000
"Aug 24, 2018",0.337,1491040,0.012978,315395,439.8,199001,0.506242,3931230,0.729458,11255900
"Aug 25, 2018",0.32,920084,0.013095,146934,439.24,250994,0.50941,2552230,0.71822,7602260
"Aug 26, 2018",0.329,1134650,0.013155,255799,428.73,119628,0.521149,6761520,0.714769,9528460
"Aug 27, 2018",0.336,643844,0.014399,358824,453.98,248331,0.587782,4815270,0.806089,12949300
"Aug 28, 2018",0.336,1265750,0.015363,742753,462.19,222993,0.575586,3869490,0.809815,12717200
"Aug 29, 2018",0.309,875125,0.014328,420695,448.82,301758,0.558864,3359950,0.80005,16666900
"Aug 30, 2018",0.305,1329920,0.013749,416093,439.81,190750,0.537814,2995200,0.758587,15457100
"Aug 31, 2018",0.328,1091390,0.014591,569406,443.11,51890.1,0.544831,2612930,0.772229,15128800
"Sep 01, 2018",0.328,473642,0.01516,551493,486.04,441897,0.5547,2961790,0.803811,14606400
"Sep 02, 2018",0.311,1355060,0.014853,330476,511.86,414041,0.540324,4892150,0.794773,14959900
"Sep 03, 2018",0.304,697608,0.014976,396586,478.89,144658,0.526124,4663390,0.788594,16310100
"Sep 04, 2018",0.3,1253120,0.015901,1141740,466.97,63651.2,0.521946,14840200,0.799317,20919200
"Sep 05, 2018",0.269,1648130,0.012861,1029290,411.05,296918,0.430581,13906500,0.633143,21014000
"Sep 06, 2018",0.272,1793980,0.01263,331189,395.2,226056,0.433031,8020660,0.677266,24496600
"Sep 07, 2018",0.261,1305730,0.012201,122026,389.22,204300,0.43259,6286200,0.631479,14880700
"Sep 08, 2018",0.242,554111,0.0115,144872,350.49,378593,0.391262,3531250,0.575288,13011800
"Sep 09, 2018",0.24,438981,0.011487,134502,342.67,298430,0.387332,3621680,0.571627,14342800
"Sep 10, 2018",0.248,608181,0.011675,109420,337.76,62878.8,0.372945,3950150,0.55605,14708700
"Sep 11, 2018",0.26,919435,0.010594,161319,331.93,236833,0.350015,6750140,0.516794,13730900
"Sep 12, 2018",0.253,902340,0.010193,177034,307.83,438368,0.343192,4278650,0.509658,13293400
"Sep 13, 2018",0.272,780362,0.011109,244533,354.99,200908,0.379277,4431040,0.550935,12666300
"Sep 14, 2018",0.269,727881,0.010797,273711,412.7,1014920,0.376097,4230560,0.573579,14065300
"Sep 15, 2018",0.269,430008,0.011107,343524,430.88,384915,0.388426,3538480,0.587797,14851600
"Sep 16, 2018",0.274,699587,0.013531,1596560,419.24,175993,0.379647,2520310,0.566788,8735260
"Sep 17, 2018",0.269,644191,0.013345,3237670,383.53,315799,0.364144,3199420,0.521367,9826670
"Sep 18, 2018",0.291,1569640,0.013222,672395,436.66,1390880,0.37287,2415840,0.525666,9462580
"Sep 19, 2018",0.329,6164950,0.013205,308241,406.08,727736,0.373581,1999340,0.52698,7324510
"Sep 20, 2018",0.358,26124800,0.014387,2072010,419.35,1599250,0.388304,3259680,0.567621,14955700
"Sep 21, 2018",0.353,7925320,0.01449,627890,439.34,1132620,0.415172,3684280,0.637153,24386600
"Sep 22, 2018",0.338,2895180,0.013798,341441,459.97,95474.7,0.397941,3132330,0.614976,15870300
"Sep 23, 2018",0.344,2458210,0.014066,358284,476.68,101152,0.402901,2778730,0.641618,10299100
"Sep 24, 2018",0.335,1999280,0.013699,394374,453.14,586175,0.378685,6703550,0.658821,24296200
"Sep 25, 2018",0.326,2487050,0.013382,662995,439.9,696105,0.369159,9635400,0.653158,15532200
"Sep 26, 2018",0.349,4319900,0.013438,321770,443.96,311190,0.372544,3353740,0.642556,11722100
"Sep 27, 2018",0.346,2188310,0.014356,1025970,471.7,282318,0.37596,3032910,0.683949,7970100
"Sep 28, 2018",0.335,1126520,0.014407,1342530,476.87,410884,0.380905,2534320,0.655962,6686440
"Sep 29, 2018",0.329,569884,0.015049,555063,491.97,168445,0.380456,2361770,0.653782,6019280
"Sep 30, 2018",0.332,896424,0.01472,520622,494.22,117395,0.390445,2779010,0.652157,5871430
"Oct 01, 2018",0.325,772346,0.014111,351630,485.64,205022,0.387399,2468620,0.642711,5007990
"Oct 02, 2018",0.321,1133880,0.014674,551945,495.5,1088660,0.392523,1691960,0.637115,5110050
"Oct 03, 2018",0.31,1149830,0.01468,1011280,503.24,1695780,0.380965,1585320,0.615925,6895760
"Oct 04, 2018",0.321,996871,0.015855,779673,530.86,1453360,0.379109,1668610,0.644065,6158450
"Oct 05, 2018",0.357,4114640,0.017317,845842,607.09,1001090,0.383889,1541940,0.645538,4729100
"Oct 06, 2018",0.338,4656480,0.016341,1104060,636.08,1431580,0.387032,1512500,0.645577,4669980
"Oct 07, 2018",0.338,1286090,0.016281,376531,622.09,581395,0.394216,1739520,0.732234,32892700
"Oct 08, 2018",0.344,1334080,0.018157,933675,752.53,4088190,0.412342,2121610,0.713537,20444400
"Oct 09, 2018",0.34,1409520,0.017565,546716,739.77,1003590,0.404714,1909920,0.756245,13182100
"Oct 10, 2018",0.348,2540720,0.017481,386000,684.87,2062310,0.417179,2392710,0.756193,11906000
"Oct 11, 2018",0.303,1584750,0.014106,473291,637.74,1607590,0.361296,1978860,0.767495,65202600
"Oct 12, 2018",0.311,1180340,0.015058,495151,647.55,612373,0.351223,1537380,0.742107,35460000
"Oct 13, 2018",0.319,602792,0.014904,587405,643.31,114266,0.366008,1292120,0.732961,13975700
"Oct 14, 2018",0.325,959805,0.015045,263602,643.46,127170,0.375016,1621010,0.710169,11636800
"Oct 15, 2018",0.34,1787330,0.015102,597733,679.97,518799,0.415544,4296580,0.727899,20393400
"Oct 16, 2018",0.359,2507920,0.015192,311173,696.97,1418550,0.40489,2313060,0.853106,44859700
"Oct 17, 2018",0.377,3231860,0.015819,336929,644.52,665200,0.423802,2282260,0.907617,148308000
"Oct 18, 2018",0.377,1957950,0.017477,1772010,659.78,625555,0.412252,2106790,0.859239,30953600
"Oct 19, 2018",0.362,892791,0.02107,4786460,673.29,639289,0.410507,2373360,0.910461,31459300
"Oct 20, 2018",0.371,761786,0.01923,2799880,672.68,105171,0.425549,2196810,0.896417,15318200
"Oct 21, 2018",0.372,793981,0.018752,750622,681.23,383623,0.416342,1695980,0.875054,12138900
"Oct 22, 2018",0.39,1903340,0.018919,1181230,673.11,359580,0.419443,1981210,0.911521,14710300
"Oct 23, 2018",0.438,10378700,0.019924,5764180,664.28,186795,0.422531,1856760,0.880888,13463400
"Oct 24, 2018",0.412,2378480,0.019201,1153640,685.79,699006,0.448023,3334990,0.84829,15830100
"Oct 25, 2018",0.438,1596200,0.018902,485961,657.93,267594,0.450461,2677620,0.844249,10325200
"Oct 26, 2018",0.432,2274910,0.018822,486102,631.71,309159,0.488274,29519900,0.808284,16284500
"Oct 27, 2018",0.444,1712840,0.02095,8381910,622.61,451100,0.454239,12536300,0.786938,12475800
"Oct 28, 2018",0.44,1171860,0.021792,8853090,620.75,114793,0.455398,4423000,0.824609,13648700
"Oct 29, 2018",0.418,1424720,0.020672,2021110,631.24,541506,0.414968,19638000,0.765413,17238900
"Oct 30, 2018",0.45,2879160,0.021288,1212300,622.67,747418,0.42429,20768800,0.767176,10701500
"Oct 31, 2018",0.506,7214500,0.021547,919885,595.12,231279,0.424739,18873600,0.766111,9953860
"Nov 01, 2018",0.514,15507100,0.022068,752232,630.56,380887,0.435453,18225100,0.808004,12811100
"Nov 02, 2018",0.501,2995750,0.021923,579020,623.15,214012,0.427759,3540040,0.810756,17280400
"Nov 03, 2018",0.543,3484070,0.021413,461592,622.81,104052,0.418122,2718680,0.810093,10377300
"Nov 04, 2018",0.504,2981540,0.019784,786237,645.14,502078,0.407205,2539240,0.786766,15516200
"Nov 05, 2018",0.481,1623590,0.019445,516592,661.67,210355,0.394592,2818040,0.764113,12438200
"Nov 06, 2018",0.484,1949590,0.019054,666179,673.72,546873,0.406045,2875410,0.758095,13863300
"Nov 07, 2018",0.482,1232730,0.021379,1248470,678.02,572048,0.411728,3367100,0.757125,12033100
"Nov 08, 2018",0.498,3155890,0.020135,976043,663.65,513292,0.403259,2894750,0.716499,17755300
"Nov 09, 2018",0.492,1271700,0.019352,272775,653.51,458762,0.391031,2726710,0.712115,10863500
"Nov 10, 2018",0.521,2227350,0.01998,233913,658.25,224713,0.394357,2245960,0.719645,6778660
"Nov 11, 2018",0.51,1026380,0.019873,303359,698.33,1757690,0.384689,2136290,0.695571,7408190
"Nov 12, 2018",0.563,3420880,0.019301,545743,696.47,698825,0.37613,2383220,0.673725,8403020
"Nov 13, 2018",0.581,11449100,0.018154,411567,696.04,820715,0.357848,2013490,0.641675,12133100
"Nov 14, 2018",0.548,9008150,0.014811,652097,571.85,1582030,0.298217,2303900,0.56586,21661800
"Nov 15, 2018",0.542,7177480,0.013512,537602,552.8,2045430,0.288934,2133410,0.563803,12231400
"Nov 16, 2018",0.513,4171370,0.013541,317693,565.02,923242,0.279091,1643680,0.555141,16044900
"Nov 17, 2018",0.485,4137480,0.013234,150988,574.22,605943,0.268577,1922030,0.542076,10266000
"Nov 18, 2018",0.524,3048070,0.013889,435583,571.47,528217,0.276037,1586510,0.55127,8625610
"Nov 19, 2018",0.411,4749190,0.01051,419389,404.24,3056490,0.214008,1971240,0.433616,20617500
"Nov 20, 2018",0.342,4418950,0.008694,351418,423.24,3015730,0.185542,1649140,0.414268,24103300
"Nov 21, 2018",0.368,3028430,0.010003,301759,452.31,449989,0.200427,1717510,0.447848,14557700
"Nov 22, 2018",0.343,2252920,0.00881,236572,403.52,699442,0.196188,1197150,0.417951,10484000
"Nov 23, 2018",0.329,1661750,0.008709,136368,373.8,615822,0.189594,1360790,0.400539,12419400
"Nov 24, 2018",0.285,1634890,0.007625,122333,337.84,709737,0.166049,1060780,0.36019,10659800
"Nov 25, 2018",0.259,3812450,0.007503,135956,320.1,1075150,0.165551,1198640,0.369293,14417600
"Nov 26, 2018",0.284,2712730,0.007311,198961,322.91,427738,0.157935,1265890,0.347974,11725900
"Nov 27, 2018",0.288,4308920,0.007709,183140,328.06,139401,0.161594,1116170,0.357042,10628600
"Nov 28, 2018",0.331,3667720,0.009282,269047,380.07,1129450,0.185283,1611930,0.435269,18309000
"Nov 29, 2018",0.345,4077698,0.009279,430230,377.33,643689,0.195091,2254287,0.436696,17819771
"Nov 30, 2018",0.322,4213313,0.008303,206829,360.04,416657,0.177982,1817608,0.390046,10864436
"Dec 01, 2018",0.333,2359405,0.00987,367050,386.25,488559,0.20551,7647937,0.413467,10403950
"Dec 02, 2018",0.316,1143867,0.009441,323181,397.11,363979,0.191804,53857882,0.401834,9338214
"Dec 03, 2018",0.288,1617950,0.008843,353900,384.91,421775,0.17531,1688089,0.375973,9966441
"Dec 04, 2018",0.288,1994609,0.009013,165687,420.57,405176,0.180277,1379146,0.373907,9086506
"Dec 05, 2018",0.257,1554730,0.008246,150567,367.98,719847,0.163614,1175828,0.350292,8564150
"Dec 06, 2018",0.223,2461190,0.007003,157802,342.99,866361,0.138221,1351136,0.319184,9735496
"Dec 07, 2018",0.216,2270701,0.006803,179756,340.74,816636,0.132028,1351147,0.315907,11678923
"Dec 08, 2018",0.228,2173231,0.006841,94794.59,342.13,287983,0.135573,1134601,0.322779,9468974
"Dec 09, 2018",0.24,1430497,0.00725,487934,344.36,383213,0.140727,1024440,0.334909,7935249
"Dec 10, 2018",0.219,815587,0.006972,139366,321.91,169929,0.134706,1040287,0.317298,7183089
"Dec 11, 2018",0.223,923276,0.006708,66097.87,325.56,372517,0.132206,1028064,0.302823,8013464
"Dec 12, 2018",0.227,1357029,0.007044,156828,318.53,754193,0.132858,1304932,0.309123,7646104
"Dec 13, 2018",0.206,1188210,0.006627,138506,340.16,368043,0.122584,1173808,0.298936,7250415
"Dec 14, 2018",0.203,1356092,0.006633,131577,339.32,200476,0.117028,1419247,0.272226,10083488
"Dec 15, 2018",0.203,1292231,0.006885,255427,338.84,48725.47,0.123363,1413130,0.269496,8147585
"Dec 16, 2018",0.207,1719297,0.006915,154306,357.93,824273,0.121885,1418204,0.265395,6565985
"Dec 17, 2018",0.233,2037677,0.007594,129963,392.01,1549312,0.132332,1659358,0.297286,10604228
"Dec 18, 2018",0.27,3884847,0.008411,273848,435.76,1268680,0.13842,1536621,0.302825,9125843
"Dec 19, 2018",0.296,5660320,0.008112,250077,425.69,1372800,0.143655,2964454,0.313969,15760636
"Dec 20, 2018",0.339,9490875,0.009036,202608,436.46,1190159,0.182619,6303588,0.353955,14897414
"Dec 21, 2018",0.298,4301773,0.008557,170011,425.86,791279,0.15767,2726494,0.321298,12961427
"Dec 22, 2018",0.311,3110687,0.008903,115669,424.61,988534,0.163814,1853270,0.337811,9916012
"Dec 23, 2018",0.313,2828792,0.009293,204806,447.66,1574702,0.16688,1831868,0.346845,11238708
"Dec 24, 2018",0.308,3333646,0.009106,241924,479.11,1127943,0.170821,2238753,0.362566,15942270
"Dec 25, 2018",0.318,4949793,0.007925,123532,453.48,386896,0.153774,1607248,0.328915,10247237
"Dec 26, 2018",0.308,4251937,0.00826,123699,444.14,323363,0.162558,1907973,0.346708,11105539
"Dec 27, 2018",0.275,3696029,0.007656,70475.25,436.37,226902,0.145896,1361258,0.315745,15391698
"Dec 28, 2018",0.298,3236126,0.008443,100671,482.31,219740,0.16317,2088719,0.336619,10887724
"Dec 29, 2018",0.3,2630385,0.00784,101716,471.33,303075,0.157642,1573389,0.32297,10788792
"Dec 30, 2018",0.299,1852488,0.007957,51560.92,477.15,341698,0.162065,1607968,0.321825,7119049
"Dec 31, 2018",0.289,1427065,0.007412,96234.57,453.98,139080,0.153856,1338148,0.296727,8467909
"Jan 01, 2019",0.299,1522529,0.00782,57381.08,461.39,258609,0.161621,1409460,0.317367,5850332
"Jan 02, 2019",0.316,1637715,0.00806,39815.89,496.91,516680,0.166982,1806532,0.329254,7061351
"Jan 03, 2019",0.366,10890273,0.008015,73688.6,501.96,286370,0.156951,1607505,0.321247,7450007
"Jan 04, 2019",0.437,24652793,0.00807,91696.65,498.49,222554,0.159088,1623910,0.323379,6110819
"Jan 05, 2019",0.396,13064911,0.00798,44612.25,508.89,259532,0.159304,1406672,0.322866,6282956
"Jan 06, 2019",0.397,7628848,0.008488,700775,521.43,397424,0.172796,3041633,0.339807,6761187
"Jan 07, 2019",0.376,5182374,0.008168,76107.02,492.7,467088,0.163367,1614741,0.324388,7455549
"Jan 08, 2019",0.424,6481963,0.008175,104829,489.26,268384,0.162281,1755853,0.325935,7253572
"Jan 09, 2019",0.402,8182734,0.008351,166579,492.54,89883.38,0.165404,1767984,0.327053,6272794
"Jan 10, 2019",0.355,5524822,0.007154,187257,437.56,406264,0.14115,1890348,0.287561,10751666
"Jan 11, 2019",0.444,14491941,0.007171,45799.55,435.95,216642,0.145659,2284819,0.286912,7921875
"Jan 12, 2019",0.412,15375000,0.007311,189352,434.63,255676,0.143111,1895348,0.283489,6089810
"Jan 13, 2019",0.444,9558626,0.007414,682793,423.07,229375,0.13147,2404111,0.270002,7034621
"Jan 14, 2019",0.486,17594771,0.008544,4190796,464.07,430134,0.138911,2740889,0.286956,7636170
"Jan 15, 2019",0.519,26829916,0.0082,1347078,426.42,1228417,0.134867,2427821,0.283739,7007503
"Jan 16, 2019",0.497,18011677,0.008183,338615,447.05,1169597,0.135404,3650277,0.299619,10125307
"Jan 17, 2019",0.483,11096121,0.008474,349873,461.28,760109,0.14296,3842290,0.305608,10996689
"Jan 18, 2019",0.501,8659548,0.008665,441881,455.09,523895,0.139869,3237708,0.293215,8446353
"Jan 19, 2019",0.491,7015260,0.008615,400788,470.84,476594,0.147571,4071797,0.300225,8911538
"Jan 20, 2019",0.49,7018434,0.008123,217414,447.16,285725,0.136816,3733933,0.286408,9356156
"Jan 21, 2019",0.503,9503123,0.008084,126110,429.87,6787634,0.135862,2929889,0.281734,7725546
"Jan 22, 2019",0.54,13998683,0.00854,277225,453.68,4290642,0.136971,3083732,0.288504,9742700
"Jan 23, 2019",0.51,10344545,0.008207,185248,459.05,16066140,0.136946,3377657,0.299521,14168892
"Jan 24, 2019",0.504,8538515,0.008363,124872,472.46,17101342,0.139484,4166119,0.302223,28561382
"Jan 25, 2019",0.48,8985719,0.008692,302726,469.1,29796841,0.13903,3750691,0.290827,15585186
"Jan 26, 2019",0.472,5982204,0.008635,266345,449.93,47978980,0.138182,2274183,0.290199,10296266
"Jan 27, 2019",0.434,10244607,0.008015,226939,433.03,6000950,0.132233,2385264,0.275216,11230985
"Jan 28, 2019",0.413,13461911,0.007314,226131,398.57,927284,0.120704,2574670,0.261164,11852519
"Jan 29, 2019",0.455,18998440,0.0075,184161,393.87,1164212,0.117618,2076722,0.25351,7408815
"Jan 30, 2019",0.427,8965899,0.007635,148090,379.24,2381289,0.121352,1891314,0.260106,7040041
"Jan 31, 2019",0.388,7507124,0.007191,88633.72,369.28,2093187,0.117074,1907237,0.250072,6961073
"Feb 01, 2019",0.419,5696881,0.007707,217131,369.97,838721,0.118364,1451536,0.248292,6721307
"Feb 02, 2019",0.415,4128147,0.007907,271650,380.96,712906,0.119625,1443849,0.251726,6361495
"Feb 03, 2019",0.396,3856282,0.007563,92878.6,376.85,381244,0.116957,1129910,0.242687,5565932
"Feb 04, 2019",0.394,4850155,0.007294,128370,407.62,703707,0.117857,1206885,0.237977,5679078
"Feb 05, 2019",0.422,5865307,0.00714,93982.96,392.13,758679,0.115846,1281456,0.235646,6303690
"Feb 06, 2019",0.4,5378906,0.006949,95380.49,397.73,388334,0.116956,2306316,0.220702,8768562
"Feb 07, 2019",0.401,3171282,0.006936,52245.17,401.87,698240,0.119533,2110575,0.231396,7571212
"Feb 08, 2019",0.437,6900024,0.007703,114946,438.18,773700,0.127712,3801986,0.249405,14295867
"Feb 09, 2019",0.464,6382735,0.007841,148477,449.72,325740,0.128902,1870756,0.247854,7703533
"Feb 10, 2019",0.452,7950326,0.007834,109561,461.14,460412,0.141483,10571680,0.250518,8093310
"Feb 11, 2019",0.429,5928665,0.007611,52947.95,493.48,1140114,0.135794,2959252,0.242763,6012643
"Feb 12, 2019",0.425,4205375,0.00752,71758.48,505.02,1476367,0.132669,2387558,0.237286,7216287
"Feb 13, 2019",0.444,4517365,0.007474,65167.7,551.88,2361905,0.131184,2209739,0.233417,7747967
"Feb 14, 2019",0.428,3914369,0.007393,58179.72,517.8,1560712,0.130203,1966075,0.227937,9117975
"Feb 15, 2019",0.433,3006564,0.007551,144358,496.8,2061584,0.130618,2262336,0.227542,7956245
"Feb 16, 2019",0.441,2715140,0.007407,94764.3,503.75,1339904,0.148395,9327760,0.232061,9457648
"Feb 17, 2019",0.457,6623800,0.007627,99955.66,536.37,1092197,0.14422,4787942,0.241034,14793250
"Feb 18, 2019",0.474,6753508,0.007869,133371,575.37,1759217,0.153123,6462995,0.253907,16742104
"Feb 19, 2019",0.458,6259916,0.007749,248486,632.14,2015073,0.14748,3581397,0.25184,13830669
"Feb 20, 2019",0.466,6379429,0.00788,82795.78,658.89,1612600,0.152135,3040548,0.255431,9852847
"Feb 21, 2019",0.445,6437539,0.00866,930883,636.5,1474924,0.146194,2599299,0.249357,8975790
"Feb 22, 2019",0.452,4048573,0.00837,959322,665.8,1584472,0.158902,3058518,0.251462,9088283
"Feb 23, 2019",0.462,4318600,0.008402,241721,737.6,2469327,0.158624,2809614,0.255832,10719348
"Feb 24, 2019",0.411,6649844,0.0075,191244,661.22,2142918,0.142919,5383370,0.235511,14171584
"Feb 25, 2019",0.471,7817871,0.007682,134586,669.08,1749508,0.149425,2991901,0.242113,10055370
"Feb 26, 2019",0.437,6553450,0.007819,211710,684.86,1989104,0.163642,5432681,0.246753,13410191
"Feb 27, 2019",0.431,3696949,0.007728,173916,643.31,1574087,0.156971,4200163,0.260829,34958001
"Feb 28, 2019",0.427,3941979,0.007666,80349.99,674.74,1230041,0.155391,3871108,0.250048,18130208
"Mar 01, 2019",0.432,3667815,0.007861,159398,667.27,1240838,0.202174,26554188,0.249029,11071657
"Mar 02, 2019",0.428,2339649,0.008039,349274,679.77,1143227,0.184063,9393391,0.244611,9746584
"Mar 03, 2019",0.424,1849996,0.008149,274527,661.23,1055971,0.172957,6147237,0.242196,8899829
"Mar 04, 2019",0.408,3710145,0.009248,3298317,624.07,1408120,0.162275,4763219,0.228644,12592691
"Mar 05, 2019",0.433,6561919,0.008927,936756,685.38,1556739,0.17196,3963678,0.239612,10087240
"Mar 06, 2019",0.432,4082793,0.008544,488775,677.52,1279850,0.170835,3550580,0.245743,10193506
"Mar 07, 2019",0.456,7330127,0.008476,396536,685.27,1466560,0.177298,6156454,0.239988,10998177
"Mar 08, 2019",0.466,14303158,0.008619,729905,659.93,1142136,0.250716,27911210,0.236528,12972342
"Mar 09, 2019",0.477,7457248,0.008946,299360,650.78,1497538,0.352083,122159116,0.250911,17508823
"Mar 10, 2019",0.502,14548536,0.009587,866516,647.82,898739,0.300838,74243624,0.269993,24915855
"Mar 11, 2019",0.467,11191637,0.008959,489046,657.61,1046398,0.257041,27603970,0.258165,18977581
"Mar 12, 2019",0.489,9177232,0.009332,564774,659.77,1238630,0.264323,15857614,0.271719,17975836
"Mar 13, 2019",0.485,6203981,0.009128,456935,644.05,1203213,0.249546,11994190,0.269558,21037384
"Mar 14, 2019",0.491,10961574,0.009294,315074,649.63,1400109,0.238522,10044503,0.267273,16706743
"Mar 15, 2019",0.49,3912307,0.009663,562083,682.41,1442793,0.253023,9886163,0.272333,19518346
"Mar 16, 2019",0.486,7199555,0.00947,302103,695.12,1433425,0.245807,7672783,0.271635,16356815
"Mar 17, 2019",0.484,7196927,0.009246,333002,696.15,1140519,0.242318,5584406,0.265864,14087728
"Mar 18, 2019",0.481,3415764,0.009023,173419,699.55,1665733,0.256622,20633706,0.262272,13842637
"Mar 19, 2019",0.485,2894766,0.009158,146693,705.72,1782303,0.260865,12474243,0.270196,14269894
"Mar 20, 2019",0.486,3511170,0.009252,176020,712.68,1580035,0.262999,7176527,0.272446,15836005
"Mar 21, 2019",0.461,4652789,0.008741,261832,711.01,3655833,0.269543,14102967,0.261246,16134263
"Mar 22, 2019",0.466,3835633,0.008926,229823,729.01,2342702,0.266597,8420309,0.273589,16276019
"Mar 23, 2019",0.463,2494600,0.008757,153462,736.81,1657500,0.263399,5336951,0.270224,16115409
"Mar 24, 2019",0.456,3100039,0.008704,213604,732.99,1620004,0.257545,5584950,0.291931,30018237
"Mar 25, 2019",0.476,8467627,0.008496,291275,717.96,4674695,0.249403,6827507,0.277691,32257531
"Mar 26, 2019",0.464,6231819,0.008914,698595,719.6,7581851,0.259802,19512492,0.291927,24933357
"Mar 27, 2019",0.5,6237410,0.009466,897034,742.89,6683094,0.264373,6806934,0.305429,26111657
"Mar 28, 2019",0.503,6329645,0.009953,748154,732.84,6729109,0.267671,6278385,0.305677,18408638
"Mar 29, 2019",0.5,4239835,0.01038,2505813,737.52,4206224,0.282294,19805962,0.304548,17130757
"Mar 30, 2019",0.494,3395827,0.010079,535491,711.72,1761995,0.276853,6723056,0.309907,20758824
"Mar 31, 2019",0.508,9259723,0.0101,329053,706.97,1093645,0.279352,8877439,0.32299,19447696
"Apr 01, 2019",0.556,11605651,0.010338,481089,709.79,1417341,0.281756,7699391,0.33306,24212475
"Apr 02, 2019",0.584,16414974,0.010884,759586,787.74,3116756,0.295308,13478379,0.376557,38696273
"Apr 03, 2019",0.565,13494096,0.010692,635993,749.93,3974543,0.281813,9791420,0.354311,35796385
"Apr 04, 2019",0.542,11153064,0.011013,739111,743.57,6025124,0.287621,8131446,0.336743,33212775
"Apr 05, 2019",0.577,7928035,0.011984,1019298,784.33,866374,0.28604,7003491,0.358358,27274287
"Apr 06, 2019",0.57,7641845,0.011279,434523,771.06,812646,0.283161,6686541,0.353617,25716451
"Apr 07, 2019",0.577,6038857,0.012221,608602,775.04,811577,0.290601,6364232,0.356219,28228595
"Apr 08, 2019",0.569,9889748,0.011779,1607941,723.78,2343006,0.280912,7096060,0.349616,25068719
"Apr 09, 2019",0.535,7970929,0.011236,594601,715.26,2793378,0.277308,5500437,0.358662,25531764
"Apr 10, 2019",0.52,8226906,0.011895,712913,710.1,1999655,0.276576,4731590,0.351244,21772056
"Apr 11, 2019",0.486,7966598,0.010444,648632,635.09,1665117,0.275616,10809934,0.319129,23669061
"Apr 12, 2019",0.495,6616811,0.010555,287293,636.18,1026181,0.273582,4901551,0.32208,18545510
"Apr 13, 2019",0.539,7063057,0.010592,351591,637.16,1296041,0.269445,3615810,0.317418,15473675
"Apr 14, 2019",0.529,5680703,0.01129,553264,636.67,1793830,0.278688,3061960,0.323276,16399047
"Apr 15, 2019",0.492,6369018,0.010559,451957,632.78,1280963,0.264313,2745622,0.309105,18108180
"Apr 16, 2019",0.503,4307086,0.010818,289959,632.89,1177042,0.267247,2593781,0.324921,16470647
"Apr 17, 2019",0.5,4224360,0.010786,915875,649.68,1144287,0.265355,4199209,0.332696,17236051
"Apr 18, 2019",0.524,4816738,0.011608,4840085,674.28,2013443,0.269213,3329751,0.332832,18055470
"Apr 19, 2019",0.514,5918321,0.011362,1493542,622.32,1743556,0.269509,4391254,0.328062,17257637
"Apr 20, 2019",0.516,4637764,0.011325,789894,620.35,1524998,0.301032,18386761,0.322755,17751495
"Apr 21, 2019",0.499,5015660,0.010666,847296,603.4,1445783,0.285131,15559404,0.314682,19442677
"Apr 22, 2019",0.497,5966146,0.010924,961060,606.91,1279451,0.276542,7482728,0.313052,17954114
"Apr 23, 2019",0.481,6260080,0.010469,1703208,601.57,1444214,0.264682,5956475,0.302989,21531625
"Apr 24, 2019",0.478,7281840,0.010252,1908676,576.55,2209780,0.240554,6059317,0.289879,21600860
"Apr 25, 2019",0.446,6760468,0.008985,1083309,509.38,2504165,0.231778,5668828,0.272166,36358448
"Apr 26, 2019",0.437,5505480,0.0088,1452262,500.45,2402511,0.221111,4291791,0.268758,34921962
"Apr 27, 2019",0.442,3901156,0.009293,1693315,521.22,2441556,0.227604,4007983,0.285399,20062585
"Apr 28, 2019",0.448,4170835,0.008774,1710819,548.02,1954317,0.233191,5310719,0.277532,17948488
"Apr 29, 2019",0.434,5230685,0.008189,2022478,547.15,2966780,0.216648,4437133,0.273643,19204229
"Apr 30, 2019",0.473,6117527,0.008658,2069463,549.33,2235726,0.22748,3238214,0.280328,17555354
"May 01, 2019",0.476,4255127,0.008861,1699449,534.31,2896962,0.224475,3570835,0.27816,17187979
"May 02, 2019",0.463,3212373,0.008516,3619906,556.49,2452390,0.222579,4502919,0.275777,21552859
"May 03, 2019",0.512,6755514,0.008333,2353270,545.79,3222636,0.224482,4452764,0.281411,28570303
"May 04, 2019",0.495,4501322,0.00792,1540746,538.49,2416312,0.222796,3748490,0.268093,23397243
"May 05, 2019",0.507,4844367,0.008382,1318090,511.88,1013527,0.223008,3538362,0.2669,18027783
"May 06, 2019",0.578,11999352,0.008383,1466632,549.74,2505707,0.227425,4799685,0.278971,22481417
"May 07, 2019",0.545,16169094,0.008,1571178,558.83,4516986,0.215805,3735843,0.263472,22469526
"May 08, 2019",0.592,9757958,0.008003,1053354,548.43,5726655,0.215529,3173435,0.269451,20012061
"May 09, 2019",0.64,23088642,0.007223,1166140,522.19,7211225,0.202268,3790364,0.253387,21150911
"May 10, 2019",0.671,17084493,0.007615,1252625,524.72,6031674,0.206938,4272027,0.264033,22659958
"May 11, 2019",0.679,17115294,0.007681,1839383,582.6,4390739,0.22268,4710289,0.295698,32277255
"May 12, 2019",0.658,11180413,0.006973,1195069,556.03,5097895,0.213635,4065376,0.27309,27505180
"May 13, 2019",0.647,10869526,0.007028,1625156,587.11,5529186,0.213404,4871513,0.279103,27612072
"May 14, 2019",0.823,42446071,0.007629,1371434,621.81,6504563,0.245453,22120304,0.301006,33520877
"May 15, 2019",0.846,20109177,0.00857,1609982,718.58,7515940,0.274987,10851514,0.362387,51205611
"May 16, 2019",0.926,33573495,0.008922,2249178,670.55,5919232,0.257969,10368802,0.335023,37874734
"May 17, 2019",0.888,39447831,0.008464,1752251,631.01,3644624,0.248378,6758030,0.31223,52806405
"May 18, 2019",0.934,20589987,0.008187,576451,627.83,3545728,0.242879,3807886,0.322047,39674461
"May 19, 2019",0.994,39610667,0.008523,848805,679.15,6445052,0.257828,4943286,0.338912,42040565
"May 20, 2019",1.13,28566429,0.008912,2357777,665.3,4896499,0.267598,6911688,0.320032,26103535
"May 21, 2019",1.19,98438799,0.00954,9214043,681.61,6049060,0.272856,7680256,0.332134,29022352
"May 22, 2019",1.22,118738675,0.009599,2503813,659.19,5313169,0.261007,8977492,0.305712,27967317
"May 23, 2019",1.34,62796580,0.010156,1523293,659.43,4963826,0.285121,9235641,0.313633,33408255
"May 24, 2019",1.34,52112753,0.009459,1490016,678.01,9337356,0.285108,12479801,0.315733,35060299
"May 25, 2019",1.13,52065174,0.009435,1449082,708.19,6534013,0.283785,7262484,0.323156,28396172
"May 26, 2019",1.09,43379101,0.009829,1923715,743.96,6385891,0.283155,8550983,0.330301,33925849
"May 27, 2019",1.21,58681258,0.009875,1919540,756.49,9025841,0.2881,6399573,0.336705,34570348
"May 28, 2019",1.28,55908377,0.009622,1823019,755.3,6488794,0.288924,8527676,0.33508,34235773
"May 29, 2019",1.18,41812375,0.009789,2281532,766.89,6825041,0.284149,7362937,0.343191,39011238
"May 30, 2019",1.02,71072187,0.008943,2273073,733.62,5749569,0.262403,8003203,0.32585,48731327
"May 31, 2019",1.02,48729261,0.009134,2062733,734.19,7015620,0.273649,7781460,0.342623,31033992
"Jun 01, 2019",0.965,29166848,0.008831,2105377,732.25,6750244,0.265806,6190026,0.334985,21346163
"Jun 02, 2019",1.01,23376401,0.009576,2348170,732.37,4216981,0.275037,5858024,0.341289,26722813
"Jun 03, 2019",0.911,19415847,0.008535,1911527,698.66,4194928,0.256908,5443482,0.31949,24506718
"Jun 04, 2019",0.883,25054880,0.007884,1870636,658.3,4169223,0.24985,10058836,0.303871,24041531
"Jun 05, 2019",1.08,62912027,0.008157,1637605,688.85,4809198,0.247108,5703533,0.314746,23201370
"Jun 06, 2019",1.12,74387222,0.008494,1894727,711.34,6050171,0.256729,5018273,0.321334,29827963
"Jun 07, 2019",1.18,50396874,0.008659,2042743,761.71,5361286,0.263301,7340845,0.332752,24185424
"Jun 08, 2019",1.15,18457927,0.009266,2462819,773.37,4956296,0.266265,5474032,0.338548,40586014
"Jun 09, 2019",1.07,20498196,0.008981,4467273,736.9,4472481,0.258674,5827394,0.315997,28894318
"Jun 10, 2019",1.19,25489176,0.009375,2446023,729.18,7070687,0.269426,6901803,0.329493,29333267
"Jun 11, 2019",1.14,25861024,0.009911,4638934,707.86,5981764,0.279268,6956741,0.325606,22800631
"Jun 12, 2019",1.14,27563661,0.009601,3034977,738.81,5314013,0.275108,6325018,0.332078,28319284
"Jun 13, 2019",1.85,318719301,0.00915,2076029,728.38,6317874,0.26829,6538753,0.32548,34793957
"Jun 14, 2019",1.68,344143609,0.008834,2510940,733.16,7538607,0.26282,6483508,0.336495,43670316
"Jun 15, 2019",1.72,149453818,0.009414,3269357,737.46,6555310,0.268622,6075950,0.358821,50942118
"Jun 16, 2019",1.67,119199289,0.010548,4380190,737.28,7042985,0.268728,5926596,0.349332,46698311
"Jun 17, 2019",1.97,158900877,0.011033,2122726,748.55,424837,0.274775,1528649,0.346832,23117000
"Jun 18, 2019",1.82,117480216,0.010515,885848,714.42,868466,0.263337,1597792,0.337591,23995414
"Jun 19, 2019",1.84,38209064,0.010013,7696512,724.19,314097,0.27319,1727560,0.340916,11979352
"Jun 20, 2019",1.77,40500786,0.009238,1654228,717.53,287334,0.261879,2034974,0.329777,17478658
"Jun 21, 2019",1.7,56871937,0.008839,636754,746.89,605648,0.250949,2481701,0.334059,14892901
"Jun 22, 2019",1.84,65320899,0.008875,764961,762.22,674081,0.257333,2090833,0.347105,22209169
"Jun 23, 2019",1.8,47203299,0.008576,616302,734.85,628911,0.266953,2323828,0.342872,16403506
"Jun 24, 2019",1.86,30278025,0.008589,434807,735.12,419882,0.274944,2972622,0.338159,13667644
"Jun 25, 2019",2.19,199041263,0.008376,574509,758.58,930061,0.273007,9268128,0.337501,15529515
"Jun 26, 2019",2.26,179571545,0.00781,791795,742.08,2322685,0.266184,5546415,0.324333,29957280
"Jun 27, 2019",2.27,136956672,0.007267,378571,652.28,1513714,0.239968,3567665,0.314773,21480762
"Jun 28, 2019",2.96,229612906,0.007426,403484,702.1,1356915,0.259367,4608049,0.31849,27682201
"Jun 29, 2019",3.7,953804527,0.007625,358826,699.38,1714502,0.265943,5650124,0.318627,21966185
"Jun 30, 2019",3.45,434865872,0.006996,238612,653.82,1535007,0.249654,4539032,0.296446,18618822
"Jul 01, 2019",3.59,377055673,0.007499,407927,620.09,1667421,0.252339,4298313,0.30804,19004868
"Jul 02, 2019",3.65,424338055,0.007345,431247,605.19,1666394,0.244041,5400729,0.294295,17217327
"Jul 03, 2019",3.53,204354523,0.007779,409285,660.62,1268286,0.242057,6366914,0.303922,20297993
"Jul 04, 2019",3.48,178867441,0.007389,420302,630.98,1134217,0.238006,4451615,0.289538,14329645
"Jul 05, 2019",3.62,191209597,0.007891,313279,658.79,1214369,0.236885,5653038,0.288989,13514739
"Jul 06, 2019",3.48,100575087,0.007724,260239,661.21,1576343,0.240341,3095027,0.293198,14358006
"Jul 07, 2019",3.31,97053705,0.00755,224506,700.24,1335301,0.247879,3074445,0.29954,11858225
"Jul 08, 2019",3.34,111053367,0.007374,256940,708.71,1272685,0.247787,3233936,0.291664,17877167
"Jul 09, 2019",3.11,177238039,0.007166,307423,736.43,2528387,0.246685,4542066,0.29342,14955444
"Jul 10, 2019",3.12,172059406,0.006684,477186,695.98,1736016,0.231704,4087339,0.270574,17546513
"Jul 11, 2019",2.83,118728040,0.006004,253341,660.5,1583957,0.213133,4734515,0.257108,15718386
"Jul 12, 2019",3.17,162546196,0.006343,237079,664.12,1415209,0.222562,3773565,0.266248,13845133
"Jul 13, 2019",3.17,144234535,0.006208,224767,658.59,1385917,0.216404,2111204,0.256447,11108094
"Jul 14, 2019",2.79,95436164,0.005135,265933,592.28,1757844,0.187845,2205974,0.222813,13552927
"Jul 15, 2019",2.73,95812874,0.005092,311028,587.84,2325975,0.190123,3804292,0.244934,27460263
"Jul 16, 2019",2.2,82850036,0.004367,179861,505.93,2531442,0.160979,2983774,0.217911,22019132
"Jul 17, 2019",2.38,135564356,0.00456,343035,522.68,5949870,0.167223,3710491,0.227411,16972796
"Jul 18, 2019",2.68,142714502,0.004765,190458,560.11,1980002,0.177889,3864170,0.238349,14029176
"Jul 19, 2019",2.61,71363583,0.004737,135905,554.7,1923264,0.184859,3966048,0.235591,10924334
"Jul 20, 2019",2.64,67423557,0.004926,167131,570.92,1868768,0.190911,2922748,0.247635,10405068
"Jul 21, 2019",2.55,48335818,0.004887,116445,572.49,1864077,0.191359,2630351,0.243992,10059703
"Jul 22, 2019",2.43,48393920,0.004805,236858,554.86,1981505,0.186656,3022684,0.235913,11815607
"Jul 23, 2019",2.37,66520544,0.004717,111249,566.3,1780303,0.180837,3990182,0.22402,10438284
"Jul 24, 2019",2.41,78623000,0.004787,138261,584.99,1951806,0.181415,2665006,0.226503,10555607
"Jul 25, 2019",2.38,60195321,0.004975,122053,582.37,1685138,0.186634,2710111,0.234085,10495772
"Jul 26, 2019",2.4,38644891,0.004881,168015,595.06,1764334,0.195449,3586057,0.234491,8012666
"Jul 27, 2019",2.26,57981370,0.004532,287910,578.57,1918790,0.185009,2839493,0.223382,10112140
"Jul 28, 2019",2.22,37139642,0.004738,140062,576.58,1305613,0.187151,3034963,0.227123,9212596
"Jul 29, 2019",2.14,41163755,0.00455,159665,567.85,1881185,0.212682,8131880,0.223,9184880
"Jul 30, 2019",2.09,63663046,0.004629,175792,573.53,1396805,0.202184,3985772,0.224177,8253701
"Jul 31, 2019",2.2,59937401,0.004519,203145,589.63,1713914,0.194207,2653877,0.224294,9974554
"Aug 01, 2019",2.18,46293195,0.004425,175912,599.78,1283289,0.187315,3346076,0.220449,10158812
"Aug 02, 2019",2.4,88993103,0.004449,138109,601.6,1337621,0.185623,1952128,0.215932,8829963
"Aug 03, 2019",2.43,158068000,0.004447,142141,598.09,1515498,0.185397,1598501,0.21628,8869485
"Aug 04, 2019",2.5,95419755,0.004438,141622,589.09,1322800,0.187,1987377,0.213087,8513464
"Aug 05, 2019",2.48,87397910,0.004371,153670,593.03,1544082,0.186767,2308148,0.213873,11322273
"Aug 06, 2019",2.46,95016633,0.004311,287697,558.45,2379143,0.17682,2036343,0.199382,11257456
"Aug 07, 2019",2.39,69024403,0.004013,196816,548.36,1401969,0.174363,2049095,0.197168,9226968
"Aug 08, 2019",2.29,56631921,0.003785,122375,539.06,2030230,0.173665,1620331,0.188944,8497325
"Aug 09, 2019",2.18,49294449,0.003656,144276,504.46,7830305,0.164119,1846967,0.188063,9677418
"Aug 10, 2019",2.32,88304426,0.003585,124526,495.46,1612976,0.162143,1543904,0.192094,8847413
"Aug 11, 2019",2.4,75758084,0.003585,173559,509.71,1459438,0.167581,1919835,0.19354,7187006
"Aug 12, 2019",2.38,53991936,0.003653,134506,485.92,1886901,0.168888,1443845,0.18815,6387931
"Aug 13, 2019",2.41,61913129,0.003884,274191,472.89,2158767,0.165951,1683200,0.181811,10736772
"Aug 14, 2019",2.27,117748508,0.003474,142095,449.86,2643834,0.153104,1993300,0.163015,11242065
"Aug 15, 2019",2.41,78723315,0.003612,151128,477.33,2459470,0.147989,1946708,0.173565,9135356
"Aug 16, 2019",2.32,71099710,0.003399,118370,504.4,2476006,0.15288,2057834,0.17484,9782103
"Aug 17, 2019",2.39,45504193,0.003309,123680,518.86,2133883,0.153522,1532537,0.172269,4023013
"Aug 18, 2019",2.5,74479050,0.003439,96954.83,516.56,2607749,0.156808,1946698,0.175367,4085395
"Aug 19, 2019",2.51,81955471,0.00354,171075,517.48,2112281,0.159045,1968017,0.17518,5158668
"Aug 20, 2019",2.38,71968212,0.00356,208772,511.51,2128985,0.1697,2912057,0.168585,4910932
"Aug 21, 2019",2.22,94589329,0.003736,657233,494.31,2086405,0.174172,4223007,0.171172,11301621
"Aug 22, 2019",2.23,71961706,0.003548,214407,497.95,1951484,0.178436,3726799,0.176349,11359122
"Aug 23, 2019",2.25,85783321,0.003858,218222,509.05,1917705,0.188054,4334880,0.185303,18690437
"Aug 24, 2019",2.19,50546812,0.003935,134587,504.46,2012884,0.186379,3138644,0.185832,24328141
"Aug 25, 2019",2.09,59471445,0.004029,221207,501.2,1795672,0.186935,3518998,0.179673,11836274
"Aug 26, 2019",2.08,54292215,0.00435,755738,517.56,1984247,0.187948,3066628,0.178423,12826124
"Aug 27, 2019",2.11,62275881,0.004371,950055,523.91,9525757,0.184264,2297394,0.17253,11337630
"Aug 28, 2019",1.9,59193724,0.004004,259923,478.81,13240560,0.167481,2465419,0.159012,9500176
"Aug 29, 2019",1.78,83335306,0.003817,139939,466.41,13566617,0.15849,2410433,0.153689,9473238
"Aug 30, 2019",1.81,57285240,0.003745,94356.08,477.21,14718268,0.163711,2950026,0.163822,6131991
"Aug 31, 2019",1.79,51356763,0.003562,618810,474.91,14747752,0.164039,2747688,0.162392,6785687
"Sep 01, 2019",1.78,43571942,0.003677,92040.33,467.56,14496351,0.159794,2445792,0.160947,6349698
"Sep 02, 2019",1.83,63004422,0.003752,230752,479.71,14872172,0.164794,3213786,0.171845,6714244
"Sep 03, 2019",1.85,80326910,0.003613,173732,478.1,14473054,0.162648,2992701,0.170969,8802298
"Sep 04, 2019",1.79,70884788,0.00362,129769,468.37,14450718,0.160522,2750606,0.164873,7019159
"Sep 05, 2019",1.8,69409152,0.003548,125087,461.52,14230896,0.180881,7654176,0.15931,7559724
"Sep 06, 2019",1.73,72212080,0.003399,155446,420.48,17949497,0.180613,6526880,0.157088,8101014
"Sep 07, 2019",1.78,71006363,0.003782,373928,442.29,14033338,0.18486,5873699,0.164392,5956638
"Sep 08, 2019",1.83,88855921,0.003749,105843,449.19,12872900,0.18158,3007555,0.161775,7080102
"Sep 09, 2019",1.8,96518480,0.004554,2310069,480.44,13057870,0.179129,2352420,0.163739,7113195
"Sep 10, 2019",1.8,66969746,0.003947,597717,478.09,11168539,0.190876,2247600,0.160779,6194135
"Sep 11, 2019",1.73,67247430,0.003776,167235,469.91,10828175,0.20302,5061999,0.157409,5248354
"Sep 12, 2019",1.71,61903495,0.003756,139971,458.14,11969143,0.201634,4687132,0.160872,6860805
"Sep 13, 2019",1.58,95116689,0.004237,339906,454.1,9414430,0.198182,2091381,0.161575,6080760
"Sep 14, 2019",1.57,82000174,0.004053,195822,462.87,13679413,0.221384,3834289,0.165971,7804847
"Sep 15, 2019",1.62,64455918,0.004197,177913,474.48,10248673,0.220718,3531424,0.165126,6314921
"Sep 16, 2019",1.58,62082506,0.004485,381993,463.75,11938595,0.214566,2379548,0.164357,6447492
"Sep 17, 2019",1.63,74897534,0.005012,750261,504.85,12536278,0.232254,4558123,0.17382,9904754
"Sep 18, 2019",1.81,112613412,0.005408,1871033,525.27,14129904,0.238708,3827552,0.192452,18510126
"Sep 19, 2019",1.88,133273165,0.005142,624055,547.95,13692214,0.228234,3189160,0.226095,31977129
"Sep 20, 2019",1.83,75449475,0.005606,568134,556.23,13421343,0.22818,2220789,0.233634,47224253
"Sep 21, 2019",1.89,76844379,0.005423,443626,547.99,13794780,0.212144,1991614,0.246262,24774448
"Sep 22, 2019",1.82,63224058,0.005727,496859,528.6,10665537,0.203588,2042161,0.238362,21577848
"Sep 23, 2019",1.81,76114156,0.005052,383531,506,15063652,0.201551,2380838,0.209769,15656099
"Sep 24, 2019",1.74,218580528,0.003779,340702,439.27,11912259,0.161987,20812750,0.192698,23121203
"Sep 25, 2019",1.76,161634833,0.003999,170076,444.84,11743543,0.168647,23303661,0.212402,23000991
"Sep 26, 2019",1.66,112008341,0.00414,278129,448.22,9414506,0.174262,2761394,0.220079,33724342
"Sep 27, 2019",1.67,90213617,0.004287,120641,451.1,13406794,0.184465,2912765,0.215705,24362698
"Sep 28, 2019",1.69,71435514,0.004528,239789,443.65,10618275,0.187354,2111538,0.211983,86337729
"Sep 29, 2019",1.72,85120108,0.004311,169667,430.22,8370084,0.176811,33206059,0.203116,14814277
"Sep 30, 2019",1.76,84068855,0.004494,143659,453.36,8805015,0.190605,3265668,0.204413,26005769
"Oct 01, 2019",1.84,91602849,0.004433,107814,454.45,11457079,0.185485,3395980,0.212319,16382086
"Oct 02, 2019",2.02,102294409,0.00462,140175,450.71,10294652,0.186211,26214534,0.208159,23453377
"Oct 03, 2019",1.95,101098441,0.004763,186976,437.76,8256985,0.18527,2356611,0.21227,11615416
"Oct 04, 2019",1.98,77454029,0.005327,354820,445.15,11034174,0.188597,2887731,0.22089,15435350
"Oct 05, 2019",1.97,96574706,0.005057,128073,442.89,13866477,0.198651,3485804,0.221005,11900295
"Oct 06, 2019",2.19,126356581,0.004949,110544,435.64,11868192,0.187144,2361183,0.213963,11120018
"Oct 07, 2019",2.4,202190935,0.005279,221713,455.44,11539883,0.194313,2030507,0.221041,14036665
"Oct 08, 2019",2.58,224096110,0.005189,131570,453.48,10098044,0.201262,2900251,0.260835,26670610
"Oct 09, 2019",2.8,329507431,0.005076,606679,538.31,11665114,0.195008,42462170,0.255992,40802410
"Oct 10, 2019",2.64,249559325,0.005404,248807,534.05,11051441,0.198507,2401040,0.272265,36560148
"Oct 11, 2019",2.77,200123734,0.005174,224790,507.65,13260531,0.18854,29154653,0.259014,20107004
"Oct 12, 2019",2.61,120045685,0.0055,189239,507.39,16557071,0.195818,2189517,0.258431,13758321
"Oct 13, 2019",2.5,107136821,0.005566,257538,501.76,16830548,0.192998,38258127,0.292006,21770753
"Oct 14, 2019",2.54,116069815,0.006198,443072,511.24,14246216,0.198141,2159936,0.331007,62509000
"Oct 15, 2019",2.39,110301011,0.00681,453010,495.81,11560592,0.196773,2556547,0.317968,42728586
"Oct 16, 2019",2.39,158475686,0.006674,515713,484.5,15462284,0.183762,2831102,0.310213,42672770
"Oct 17, 2019",2.42,139155340,0.006412,221866,488.27,13540683,0.190379,9846901,0.31527,30413310
"Oct 18, 2019",2.36,105032862,0.006313,119359,487.65,15885206,0.185446,7357912,0.300922,22481098
"Oct 19, 2019",2.36,85270342,0.006739,109421,494.08,12077640,0.184619,45070142,0.319273,21790245
"Oct 20, 2019",2.44,86836834,0.008071,1279571,499.49,10334479,0.182364,45399743,0.331749,44200204
"Oct 21, 2019",2.63,174716569,0.008829,656553,497.72,8057849,0.178828,6974404,0.324134,27005589
"Oct 22, 2019",2.61,172462583,0.008955,866664,493.16,5015403,0.170571,3063804,0.31309,20792413
"Oct 23, 2019",2.61,190350548,0.008156,389908,460.32,5128328,0.160922,59043570,0.294723,37444481
"Oct 24, 2019",2.75,175558916,0.008959,1753572,467.13,4665362,0.166344,3497212,0.300783,26894006
"Oct 25, 2019",2.84,210307337,0.012639,3600444,515.85,5322499,0.176303,12625935,0.306247,32787185
"Oct 26, 2019",2.75,231729603,0.015829,5749537,503.34,7319372,0.172564,4388148,0.29283,51751167
"Oct 27, 2019",2.68,135864814,0.01287,3518621,517.6,5690092,0.181366,26567811,0.287478,48253340
"Oct 28, 2019",2.67,157224840,0.012269,2435145,516.85,5535182,0.183788,6196475,0.28757,29490346
"Oct 29, 2019",2.67,109381921,0.015161,3096323,527.15,6353265,0.180933,3857075,0.280936,21025960
"Oct 30, 2019",2.62,101740209,0.013383,2614429,526.28,6290986,0.175904,3426133,0.272521,25351941
"Oct 31, 2019",2.74,118140976,0.012338,2301777,543.61,7829984,0.175982,3410531,0.273846,20240826
"Nov 01, 2019",2.72,118225225,0.012446,1821270,530.34,5194608,0.17802,3462676,0.299853,33046661
"Nov 02, 2019",2.71,88544063,0.012258,1842383,524.52,4102314,0.179846,9929496,0.294388,32842740
"Nov 03, 2019",2.67,106456374,0.013268,2834627,525.54,4250307,0.177372,3794590,0.295353,20218758
"Nov 04, 2019",2.69,122384989,0.012855,2680777,542.62,4858824,0.181634,3962016,0.296315,19832087
"Nov 05, 2019",2.68,119153856,0.0139,2373154,555.17,6404055,0.181931,5597305,0.291508,18542169
"Nov 06, 2019",2.74,152746471,0.013345,1945470,585.61,5218515,0.179514,4283586,0.306577,19865899
"Nov 07, 2019",2.69,139483618,0.012829,270298,659.82,6984364,0.178596,3247449,0.30555,24289004
"Nov 08, 2019",2.72,133302910,0.012274,319981,661.1,5743195,0.172747,3274768,0.294041,26646784
"Nov 09, 2019",2.8,152872881,0.014182,1961726,646.19,5315946,0.174668,3383569,0.303991,23289189
"Nov 10, 2019",2.78,145643657,0.014232,1009179,668.4,6183956,0.178947,3739623,0.308102,21564567
"Nov 11, 2019",2.75,94732322,0.015501,1589422,649.76,5721818,0.180781,3562670,0.303089,20257259
"Nov 12, 2019",2.82,148585749,0.015333,2146778,657.08,5858480,0.177725,3192722,0.301,18811114
"Nov 13, 2019",3.02,209362104,0.016094,445411,654.52,5171580,0.185672,4143478,0.301677,54059714
"Nov 14, 2019",3.06,198792071,0.017404,1420977,647.95,5571038,0.180598,3356464,0.291893,19662543
"Nov 15, 2019",3.04,157665192,0.016986,475728,605.67,7938949,0.173481,3281038,0.277719,17597950
"Nov 16, 2019",3.01,95813206,0.020502,2979709,626.5,5652238,0.174281,3089657,0.283578,13352076
"Nov 17, 2019",2.93,99099080,0.020303,2179829,672.67,6084081,0.176953,3372123,0.278767,13542740
"Nov 18, 2019",2.83,126598447,0.02117,1607002,654.03,5201375,0.171204,3338740,0.265225,19415204
"Nov 19, 2019",2.76,174284233,0.020859,1003628,605.81,5493450,0.172254,51906635,0.261553,21875541
"Nov 20, 2019",2.71,167970679,0.018372,873581,586.16,5746626,0.173236,3221700,0.263224,21325786
"Nov 21, 2019",2.55,167317924,0.015515,1550497,528.96,4572658,0.15779,3007284,0.262508,22525343
"Nov 22, 2019",2.35,201718065,0.014722,1377944,519.71,5702366,0.152299,3172157,0.243406,23730433
"Nov 23, 2019",2.45,149356394,0.015239,624040,551.96,5249182,0.158007,2944006,0.250147,18971929
"Nov 24, 2019",2.26,149929050,0.013526,1675084,480.06,4311479,0.148867,5156882,0.239421,64595492
"Nov 25, 2019",2.28,170091780,0.013582,455022,528.88,6497521,0.144358,6902265,0.23836,43929595
"Nov 26, 2019",2.28,143568310,0.014062,372034,527.04,5182243,0.15125,3255748,0.247861,17447122
"Nov 27, 2019",2.23,149542925,0.013847,531393,549.74,4793026,0.166689,3884188,0.261255,30132733
"Nov 28, 2019",2.27,146006115,0.014989,1291193,541.32,4507001,0.172622,4209851,0.267876,24321271
"Nov 29, 2019",2.34,160656952,0.015607,874819,549.65,4784047,0.18783,4482047,0.272933,18516192
"Nov 30, 2019",2.24,123021580,0.014595,526235,544.45,4662481,0.189324,5985373,0.258165,34693630
"Dec 01, 2019",2.17,136819693,0.013779,236455,512.56,4896695,0.189699,4227505,0.260876,63347804
"Dec 02, 2019",2.09,116492201,0.013979,365605,564.05,4745961,0.181694,3117998,0.248206,14629531
"Dec 03, 2019",2.13,109854018,0.013532,230117,545.93,4876703,0.202526,5603865,0.243982,13512638
"Dec 04, 2019",2.05,145162286,0.014798,543474,495.4,5053047,0.193896,5699198,0.232153,14666012
"Dec 05, 2019",2.03,126219927,0.014389,415486,509.81,5175476,0.24579,10523995,0.233151,13634104
"Dec 06, 2019",2.09,113399318,0.015564,585200,505.82,4642910,0.264189,8999752,0.243971,15425621
"Dec 07, 2019",2.06,88418201,0.015336,284230,501.17,4295216,0.239126,5728334,0.237956,14524506
"Dec 08, 2019",2.06,103114465,0.015614,262226,504.44,4052523,0.245571,42178487,0.237904,13878444
"Dec 09, 2019",2.09,147696805,0.015795,385111,499.82,3927002,0.219408,4752806,0.232161,12268346
"Dec 10, 2019",2.27,218763851,0.013616,534444,506.8,4280554,0.198888,5158555,0.227563,15059888
"Dec 11, 2019",2.18,138162558,0.013248,240153,489.76,4460711,0.204269,4328717,0.222173,13885792
"Dec 12, 2019",2.12,142758973,0.011886,638261,493.53,3823711,0.222785,5793626,0.218338,13448937
"Dec 13, 2019",2.08,117843001,0.011935,175126,510.73,4130286,0.220764,4965798,0.220351,16123770
"Dec 14, 2019",2.01,105295566,0.011558,126170,508.61,4041034,0.201173,3814849,0.212401,12335415
"Dec 15, 2019",2.09,114518248,0.011016,337733,493.96,4356116,0.2213,4923941,0.208014,18346761
"Dec 16, 2019",1.98,97454140,0.010238,199091,461.63,4724877,0.231858,5662477,0.193668,14634085
"Dec 17, 2019",1.76,172213180,0.009152,168541,415.16,4026492,0.201289,9158321,0.178841,13762633
"Dec 18, 2019",1.88,209932252,0.010284,204433,467.95,5050557,0.223402,5637039,0.201545,18225793
"Dec 19, 2019",1.82,150914459,0.010054,162415,481.31,4761181,0.199835,6258990,0.189091,14407794
"Dec 20, 2019",1.92,124354682,0.010141,169743,490.35,4636633,0.196745,4586288,0.194417,13813235
"Dec 21, 2019",1.87,88336767,0.009859,151210,490.67,4738670,0.19189,4286003,0.193262,11383772
"Dec 22, 2019",1.94,120076955,0.009993,179296,505.51,4638315,0.190246,4489971,0.193177,11465024
"Dec 23, 2019",1.88,130569408,0.009298,328211,460.93,4633187,0.187308,3496228,0.184734,11626302
"Dec 24, 2019",1.86,131772813,0.009474,243590,457.34,5354515,0.188362,3171065,0.185618,10448205
"Dec 25, 2019",1.8,86020952,0.009122,165660,434.84,6026951,0.185859,2985077,0.182828,11553411
"Dec 26, 2019",1.86,79180350,0.008935,248932,432.48,4563748,0.181182,3278800,0.182542,12300014
"Dec 27, 2019",1.89,74031488,0.008632,207453,427.56,4557354,0.17886,2975468,0.186302,12442074
"Dec 28, 2019",1.87,53567273,0.008724,191542,430.74,3563307,0.179511,2991235,0.18532,11414234
"Dec 29, 2019",1.9,53574998,0.008756,155049,448.31,3785106,0.190663,3532743,0.197425,15552160
"Dec 30, 2019",1.84,57136151,0.009892,720810,442.89,3878828,0.186931,3427459,0.189425,13972812
"Dec 31, 2019",1.77,58903187,0.016481,12573624,430.96,3512760,0.186491,3607047,0.181839,11468991
"Jan 01, 2020",1.81,69723037,0.018083,11509055,437.33,3531182,0.186654,3511406,0.182955,10396732
"Jan 02, 2020",1.74,52729126,0.020823,10500639,425.44,3608801,0.185439,3212836,0.176207,11649604
"Jan 03, 2020",1.81,61298048,0.01792,6432847,433.53,3648148,0.201862,4450192,0.182442,11902025
"Jan 04, 2020",1.84,49108150,0.016633,3453220,440.25,3709471,0.200537,3410605,0.187977,9558107
"Jan 05, 2020",1.81,55235942,0.015919,1463292,442.09,3750842,0.213296,4023529,0.187662,9347273
"Jan 06, 2020",1.94,80941179,0.01526,1794345,464.47,3950543,0.219184,5451050,0.196308,13810555
"Jan 07, 2020",2.11,140921324,0.020403,6164223,469.89,3795790,0.201352,5321397,0.189437,14375851
"Jan 08, 2020",2.18,192821111,0.018511,4710523,484.58,4211004,0.20142,3591783,0.213058,30946108
"Jan 09, 2020",2.19,109938413,0.016713,1753136,462.12,4065236,0.194797,3057060,0.207168,17056575
"Jan 10, 2020",2.22,109888554,0.020114,3577920,476.68,3941850,0.203184,3339568,0.202423,19916186
"Jan 11, 2020",2.28,107902217,0.025388,7162777,479.06,4896444,0.205806,3252049,0.206684,14816007
"Jan 12, 2020",2.25,87342008,0.024637,4850925,496.23,3691033,0.205775,3181861,0.217392,18899182
"Jan 13, 2020",2.19,78803227,0.022647,1949388,482.22,3543697,0.217677,3898940,0.211616,17118143
"Jan 14, 2020",2.39,135612258,0.025596,5128159,533.87,5079338,0.221747,4853214,0.234954,27926557
"Jan 15, 2020",2.4,149371800,0.024718,3298451,533.83,4651343,0.240923,5775757,0.24469,30177490
"Jan 16, 2020",2.48,143515776,0.02392,1348023,529.68,4168861,0.246932,15040570,0.248542,25590431
"Jan 17, 2020",2.72,257924221,0.022071,2427752,515.97,5097150,0.271848,8636652,0.25453,28188833
"Jan 18, 2020",2.77,167529444,0.020983,986623,523.14,4925581,0.286435,6140474,0.244642,23509141
"Jan 19, 2020",2.62,175287789,0.023532,3404000,507.21,3871380,0.254942,5345257,0.231463,18772997
"Jan 20, 2020",2.7,149645626,0.023013,3095921,483.52,4937380,0.271388,5483616,0.23241,17394980
"Jan 21, 2020",2.67,118493954,0.022837,1033172,484.07,4363397,0.263541,5430465,0.242239,23023994
"Jan 22, 2020",2.65,97214236,0.023694,1457393,474.53,3522250,0.262246,4268703,0.24196,15531508
"Jan 23, 2020",2.46,128284126,0.023954,2471163,473.78,3578834,0.247903,4586701,0.227841,15452905
"Jan 24, 2020",2.5,121390827,0.024195,1014151,467.68,3689358,0.26381,4300631,0.228028,13999745
"Jan 25, 2020",2.46,96793337,0.022889,589280,465.29,3312795,0.26967,4288188,0.224603,11959920
"Jan 26, 2020",2.57,101906615,0.022603,670910,484.92,3519127,0.288329,5092676,0.23066,12892913
"Jan 27, 2020",2.61,125100879,0.023844,642952,487.37,3793281,0.2863,5170871,0.232332,15890593
"Jan 28, 2020",2.66,130829516,0.023658,719722,531.92,4612793,0.287194,5135174,0.232287,18790964
"Jan 29, 2020",2.79,166469457,0.025112,1563322,522.53,3932224,0.276125,4841080,0.226724,18295525
"Jan 30, 2020",2.91,189044589,0.024768,1046562,551.77,4232265,0.294083,5901215,0.233342,16708532
"Jan 31, 2020",2.82,132881059,0.025812,1333269,545.33,4093150,0.290119,5880289,0.228594,18560584
"Feb 01, 2020",2.84,121185567,0.02808,2025986,552.01,3991779,0.295982,5345474,0.232412,14984402
"Feb 02, 2020",2.83,135278751,0.031453,3015327,558.67,4134079,0.3001,5964715,0.240142,19998032
"Feb 03, 2020",2.77,128902317,0.031809,1665630,556.3,4452208,0.312661,6347545,0.235842,17852509
"Feb 04, 2020",2.74,134721884,0.031561,1299220,553.62,3979687,0.347881,18110002,0.254481,32741644
"Feb 05, 2020",2.85,157306879,0.032244,858220,583.07,4686378,0.339194,11592863,0.258031,31486778
"Feb 06, 2020",2.88,165611492,0.035486,1889610,574.18,5601577,0.349031,10213963,0.277461,35195571
"Feb 07, 2020",3.31,380527539,0.035509,991829,583.16,6690307,0.347006,8634142,0.277939,35946750
"Feb 08, 2020",3.41,305697106,0.031849,1467758,578.32,6079389,0.352012,8914565,0.273737,29990410
"Feb 09, 2020",3.48,227524199,0.032998,853314,591.78,6451746,0.356489,9316677,0.296106,31665131
"Feb 10, 2020",3.41,232733529,0.033119,735759,574.16,6259386,0.35793,8070549,0.283745,34235793
"Feb 11, 2020",3.98,388126746,0.032833,844162,585.55,6457524,0.365603,7841494,0.30208,42354306
"Feb 12, 2020",4.03,455111359,0.034066,2402731,614.31,7091879,0.38107,9491574,0.31125,37674434
"Feb 13, 2020",3.87,336049071,0.033498,1451727,625.76,7841977,0.441939,23213862,0.320865,54378500
"Feb 14, 2020",4.41,416798319,0.034734,1184209,638.99,7666723,0.457702,15426425,0.345264,63020638
"Feb 15, 2020",4.3,498446606,0.031945,1024856,607.28,7230162,0.437016,16869840,0.317226,48976798
"Feb 16, 2020",4.5,640799699,0.035879,5107856,634.71,8359385,0.419959,12952994,0.299002,46528689
"Feb 17, 2020",4.3,529297131,0.03395,2516436,614.94,7744867,0.423873,11404879,0.291352,42628247
"Feb 18, 2020",4.54,431990469,0.035552,1142332,637.71,7875867,0.471286,18844541,0.306761,33776350
"Feb 19, 2020",4.4,415141905,0.032808,672241,644.51,9185814,0.495078,25655570,0.280657,26197175
"Feb 20, 2020",4.27,404800386,0.036728,1615710,644.87,8684619,0.506167,34244995,0.277285,29095941
"Feb 21, 2020",4.29,339638604,0.034556,834308,636.63,7409306,0.572739,24345750,0.288997,26934261
"Feb 22, 2020",4.1,303556869,0.033669,648908,642.52,7627663,0.562985,33156852,0.281435,25127926
"Feb 23, 2020",4.24,299278626,0.035769,688107,653.83,8325943,0.586346,22627461,0.28779,23127455
"Feb 24, 2020",3.91,343314668,0.033302,665264,635.57,7189870,0.575086,32214438,0.267852,27507585
"Feb 25, 2020",3.51,340819809,0.031642,897447,591.94,7206515,0.558722,37294138,0.253242,33033120
"Feb 26, 2020",3.6,505501668,0.026811,1224514,543.49,6897584,0.475882,25171230,0.23501,32158204
"Feb 27, 2020",3.95,492056386,0.027271,1304115,565.6,7009677,0.528176,51924701,0.243385,32207681
"Feb 28, 2020",4.16,506674282,0.026682,812647,580.79,7473815,0.530018,40107826,0.237285,27466271
"Feb 29, 2020",4.11,452201071,0.026429,387567,556.42,6521916,0.648003,58051788,0.231186,19109522
"Mar 01, 2020",3.88,423505999,0.025557,534833,544.03,5571792,0.788299,213584934,0.230571,21043623
"Mar 02, 2020",4.22,437170132,0.027089,589043,571.86,6566117,0.696534,99418981,0.249284,28823583
"Mar 03, 2020",4.58,518469329,0.028724,728730,537.46,8793873,0.663768,41096081,0.253848,20956139
"Mar 04, 2020",4.64,662474676,0.02825,519103,543.13,8564315,0.687136,58739082,0.262438,24795039
"Mar 05, 2020",4.72,542142056,0.030157,713091,546.77,8434264,0.698772,65136379,0.276198,34920848
"Mar 06, 2020",4.68,384700765,0.031031,654392,588.41,8022047,0.771859,58424623,0.282544,36227954
"Mar 07, 2020",4.34,375742253,0.029823,692274,612.81,7860808,0.809929,100732800,0.262974,31009197
"Mar 08, 2020",4.09,554855517,0.027626,755018,516.54,6319110,0.708058,66682857,0.227474,33641973
"Mar 09, 2020",4.06,751627574,0.028008,979065,514.05,6845671,0.729161,55035061,0.220952,42657502
"Mar 10, 2020",4.08,531064759,0.026974,426137,507.52,4860014,0.786049,59430534,0.239302,28176619
"Mar 11, 2020",3.82,464691611,0.037997,10341727,490.48,4590144,0.79487,69659143,0.227177,29048680
"Mar 12, 2020",2.06,678674595,0.020243,3435095,216.41,8421637,0.427007,52954863,0.150721,40120221
"Mar 13, 2020",2.42,905688605,0.02146,1094262,272.75,6327055,0.533138,71173193,0.167194,46853409
"Mar 14, 2020",2.14,448070726,0.021156,705748,254.25,4387391,0.475383,25037233,0.15751,22358631
"Mar 15, 2020",2.11,440244557,0.020193,428302,241.69,5421446,0.478521,19333828,0.159045,16558988
"Mar 16, 2020",1.78,539952973,0.0161,695809,213.98,4735260,0.393247,30668252,0.137635,22022983
"Mar 17, 2020",1.84,402042487,0.017879,433475,217.04,4708483,0.458368,41295624,0.140203,18793958
"Mar 18, 2020",1.89,304298998,0.019479,820799,206.91,4470449,0.447867,38554194,0.142319,16639472
"Mar 19, 2020",2.25,447725949,0.021612,1025081,262.17,7152117,0.510955,50898411,0.162762,23963969
"Mar 20, 2020",2.25,526429075,0.023318,1442523,255.82,5061472,0.485453,48039877,0.152084,24582486
"Mar 21, 2020",2.27,317973845,0.022238,799480,271.63,4365424,0.478739,28153503,0.154617,18764365
"Mar 22, 2020",1.99,295425228,0.021208,681910,255.66,4114263,0.427271,27480737,0.141657,13607394
"Mar 23, 2020",2.24,354551260,0.023295,924662,270.3,3941502,0.465747,39833849,0.150492,18599763
"Mar 24, 2020",2.31,321474267,0.022564,517078,278.04,4379856,0.473996,37410180,0.152118,15898135
"Mar 25, 2020",2.26,257497959,0.022146,1054480,278.77,4336143,0.464837,37498105,0.156005,17244277
"Mar 26, 2020",2.3,209695287,0.022521,1063033,339.43,5119437,0.455734,15909486,0.158776,14204497
"Mar 27, 2020",2.17,222982485,0.021186,1043775,312.21,3856178,0.454929,21719231,0.152627,14719356
"Mar 28, 2020",2.14,234279603,0.020597,843279,308.96,4381622,0.441512,33401070,0.149418,14729270
"Mar 29, 2020",2.03,178728617,0.019053,707307,290.38,3918533,0.42225,28713139,0.144625,11970779
"Mar 30, 2020",2.15,220332929,0.020559,981949,295.87,4027365,0.441541,27361413,0.151262,14541397
"Mar 31, 2020",2.27,239526252,0.020034,887152,279.51,3355891,0.437935,26914448,0.153272,12982723
"Apr 01, 2020",2.28,289006168,0.02095,556212,295.78,2988875,0.442098,27477933,0.151771,10802064
"Apr 02, 2020",2.3,294353542,0.021261,1315126,300.45,2929752,0.438013,31240885,0.154416,15627388
"Apr 03, 2020",2.31,226925452,0.021181,540193,301.27,8026264,0.432908,34413396,0.155686,12990483
"Apr 04, 2020",2.33,194260780,0.02173,740588,319.28,3119083,0.449979,29907131,0.157074,12932007
"Apr 05, 2020",2.28,161676431,0.020995,292711,302.55,3673867,0.434202,25921824,0.154462,11463089
"Apr 06, 2020",2.51,325590660,0.021851,509592,330.73,4423901,0.456749,34280750,0.167333,19401735
"Apr 07, 2020",2.72,577910419,0.021821,465892,325.24,3258585,0.484262,52011863,0.169368,25871603
"Apr 08, 2020",3.14,518682498,0.023925,1083145,345.19,3262995,0.519141,45408991,0.176717,20616744
"Apr 09, 2020",3.32,734770971,0.02629,1513868,341.01,3020411,0.510921,31558053,0.189876,22751074
"Apr 10, 2020",3.22,748426338,0.023455,759930,335.3,3359106,0.462473,41439728,0.169079,29039079
"Apr 11, 2020",3.28,653196770,0.022322,384254,308.84,2807321,0.489594,35533979,0.170811,20380322
"Apr 12, 2020",3.46,712633668,0.022554,418275,301.78,3157758,0.48198,34527311,0.170005,21248815
"Apr 13, 2020",3.37,663413131,0.021955,420557,300.9,3469670,0.471499,31113128,0.166677,17910630
"Apr 14, 2020",3.24,497025727,0.022092,450090,299.02,3680941,0.467873,23693318,0.169895,18765580
"Apr 15, 2020",3.13,425648503,0.022242,647203,290.58,2766469,0.464292,19543222,0.163879,16617377
"Apr 16, 2020",3.47,599436392,0.02397,1033687,301.89,5317688,0.480367,26053920,0.173188,29773461
"Apr 17, 2020",3.48,431088440,0.024293,494171,302.45,3596155,0.476661,29250039,0.173651,20843437
"Apr 18, 2020",3.78,517130842,0.026217,601262,326.97,3552161,0.493644,31986140,0.179122,25596180
"Apr 19, 2020",3.64,497819796,0.024978,866040,324.23,4398795,0.479236,36849006,0.172656,22959387
"Apr 20, 2020",3.46,511701400,0.02554,1339627,305.17,4104666,0.459218,34049485,0.16862,27727446
"Apr 21, 2020",3.48,386134896,0.027122,1407328,311.76,4043196,0.460601,30366205,0.169972,26262416
"Apr 22, 2020",3.68,419768838,0.029374,1062195,326.73,4342878,0.471208,30097774,0.171138,22127927
"Apr 23, 2020",3.73,458394827,0.031196,1363681,327.6,4777462,0.473071,36161513,0.174627,25787883
"Apr 24, 2020",3.8,356971612,0.035223,2285074,338.42,3648685,0.511288,45525694,0.186276,29479909
"Apr 25, 2020",3.8,326366096,0.03685,1767472,337.43,3120910,0.54968,49576898,0.185622,25859091
"Apr 26, 2020",3.72,373262888,0.037441,1323020,345.88,3347772,0.68331,122898525,0.198369,31681265
"Apr 27, 2020",3.64,418502740,0.034895,1275600,340.71,2166127,0.6722,83439668,0.207328,54747953
"Apr 28, 2020",3.68,336584772,0.044153,3899952,342.63,2817079,0.66595,62016306,0.205133,32996817
"Apr 29, 2020",3.91,479767865,0.044646,3470533,353.19,3596798,0.674091,62968148,0.214491,32396486
"Apr 30, 2020",3.72,469432714,0.041938,2645975,338.79,4118791,0.687103,73498200,0.199321,35509402
"May 01, 2020",3.78,387173588,0.046148,2194905,356.3,2689762,0.689071,58957126,0.214429,29316172
"May 02, 2020",3.82,312851882,0.043192,1301198,359.15,2514864,0.682754,44205557,0.214918,27411674
"May 03, 2020",3.72,332486849,0.040334,1285488,373.34,2812063,0.655393,34504284,0.206788,25152529
"May 04, 2020",3.77,400808105,0.044818,2276056,349.28,3403699,0.674393,47647456,0.205265,26531167
"May 05, 2020",3.69,307442156,0.044613,2270671,336.7,3290879,0.672309,49536880,0.20656,25261475
"May 06, 2020",3.64,330568230,0.049591,1707592,332.05,2776614,0.646194,51341487,0.216048,35037840
"May 07, 2020",3.75,415098619,0.054812,3489303,344.5,3030619,0.628522,47994686,0.301982,148872781
"May 08, 2020",3.82,394360542,0.066262,5352535,339.22,3251342,0.653865,59370972,0.397795,366968032
"May 09, 2020",4.04,596770802,0.064991,1426885,341.73,2513216,0.673833,56018591,0.426262,292006974
"May 10, 2020",3.76,614483574,0.064572,2299781,329.03,4518012,0.606142,35633668,0.3972,237085826
"May 11, 2020",3.59,465004956,0.06659,3971472,317.17,4469427,0.573076,45990004,0.346353,118336606
"May 12, 2020",3.69,358470475,0.056753,2689984,322.41,3224915,0.641005,58944867,0.357617,104778164
"May 13, 2020",3.76,319801650,0.061629,3347527,328.61,3341976,0.64234,53666717,0.350359,85204734
"May 14, 2020",3.8,376043732,0.062995,2560847,331.98,4644178,0.640121,47801451,0.341491,69698799
"May 15, 2020",3.67,326992724,0.06297,2658035,324.67,5945808,0.621023,53770345,0.383897,165753732
"May 16, 2020",3.76,298753874,0.062193,1245135,335.12,4705120,0.620854,48500103,0.383872,92974957
"May 17, 2020",3.78,324792191,0.059488,1662689,340.58,5767341,0.621396,50856380,0.374517,71917965
"May 18, 2020",3.89,384696302,0.057101,1856946,327.38,7519269,0.639911,49982856,0.371105,81547755
"May 19, 2020",3.92,342003354,0.059886,1732901,332.37,6016805,0.644368,50022376,0.358303,59244559
"May 20, 2020",4.07,501477865,0.06179,2363678,331.38,5390385,0.643745,55181263,0.35981,74722760
"May 21, 2020",3.85,475890242,0.057325,1521950,319.16,4577816,0.611633,58864362,0.324915,72475491
"May 22, 2020",4.07,391293983,0.06027,1355295,321.98,5469687,0.6353,62545662,0.33473,72012456
"May 23, 2020",3.96,350387118,0.05788,966239,339.66,6602919,0.70249,79561197,0.329851,52660987
"May 24, 2020",3.84,338608148,0.056293,1274514,326.2,5588592,0.656217,75625191,0.305063,50186334
"May 25, 2020",3.87,319542427,0.057634,1385581,345.82,5983441,0.679776,63891674,0.321565,54848614
"May 26, 2020",3.84,294932100,0.054366,1209871,338.38,2901371,0.667541,80413066,0.346975,96267075
"May 27, 2020",3.86,303730714,0.052783,1895530,347.28,2433966,0.667446,76488124,0.336018,66531954
"May 28, 2020",4.03,317138604,0.049711,1456734,354.98,2841838,0.676321,75576086,0.333576,58389271
"May 29, 2020",3.99,328730888,0.05714,3325686,486.02,17186941,0.702205,80523865,0.333798,53565802
"May 30, 2020",4.17,356995900,0.063236,6451102,511.98,11924618,0.702869,88149257,0.337119,54798638
"May 31, 2020",4.13,378972618,0.061594,1844793,461.11,8183029,0.689661,75630491,0.315688,54220247
"Jun 01, 2020",4.38,491355312,0.065587,2653822,460.38,12408341,0.724083,85397124,0.333939,54471701
"Jun 02, 2020",4.39,447755930,0.061792,2116561,443.39,13030506,0.69438,62512542,0.324159,78462755
"Jun 03, 2020",4.49,347465695,0.060596,1482912,426.66,11320673,0.699581,48003444,0.32979,47792136
"Jun 04, 2020",4.43,318417019,0.060054,1942674,426.76,8681675,0.713164,42883732,0.327273,38746894
"Jun 05, 2020",4.38,298753116,0.059317,1285401,478.54,9084208,0.768136,51747446,0.322158,29816684
"Jun 06, 2020",4.34,270796645,0.063045,1509845,493.92,11787119,0.75775,49914625,0.324717,27036492
"Jun 07, 2020",4.35,282338155,0.065579,2790601,543.57,16781005,0.743701,44128295,0.322717,28830773
"Jun 08, 2020",4.46,283855463,0.069766,2143430,554.95,15724207,0.818206,52924630,0.319487,23352145
"Jun 09, 2020",4.45,305409412,0.08286,7015542,691.58,28620365,0.93649,98412613,0.348877,64458528
"Jun 10, 2020",4.42,294672252,0.094588,10225433,668.95,29417157,1.15,187504661,0.387041,149483287
"Jun 11, 2020",3.97,352495642,0.084002,7653637,607.82,39987325,1.06,131761527,0.335659,98636378
"Jun 12, 2020",4.09,327861604,0.09695,6608676,592.75,21518872,1.29,165483405,0.357039,77891360
"Jun 13, 2020",4.11,268974930,0.095234,3195550,551.96,21056355,1.2,84899378,0.364333,69937204
"Jun 14, 2020",3.96,259255316,0.085873,3954145,513.81,14744176,1.17,81785928,0.358875,59728044
"Jun 15, 2020",3.93,368088618,0.08603,5392440,549.07,31321450,1.16,88228056,0.344888,65115245
"Jun 16, 2020",4.05,300222404,0.096304,5146280,541.16,26271318,1.25,79808162,0.343453,47326914
"Jun 17, 2020",4.16,319675762,0.098318,3973308,539.86,14743009,1.2,65850695,0.342386,45111088
"Jun 18, 2020",4.17,299551097,0.128314,19574773,527.51,9229597,1.15,65948336,0.332401,38544125
"Jun 19, 2020",4.08,285917523,0.13038,15958889,514.02,9415755,1.19,75255707,0.329781,43401783
"Jun 20, 2020",4.17,300428191,0.139899,9184419,520.74,7488955,1.29,93029217,0.348723,53436274
"Jun 21, 2020",4.19,260111856,0.159091,15382474,513.31,7379970,1.23,71459296,0.347436,45185620
"Jun 22, 2020",4.47,354320997,0.145581,15833692,523.74,11572662,1.24,80817750,0.354626,47760174
"Jun 23, 2020",4.81,524401734,0.144426,11246533,505.14,10369287,1.2,78735922,0.363958,45167707
"Jun 24, 2020",4.72,477169366,0.137053,7337605,484.58,8624505,1.18,60210680,0.34437,45531637
"Jun 25, 2020",4.81,417488409,0.129268,3611896,462.36,11135424,1.16,61428788,0.335714,33451689
"Jun 26, 2020",4.68,366958108,0.117496,8818832,454.79,9125478,1.16,62953759,0.351195,53892173
"Jun 27, 2020",4.43,348981374,0.120205,8274008,445.98,11742149,1.07,66239842,0.333918,48571982
"Jun 28, 2020",4.56,329798147,0.121177,5297453,448.59,8957347,1.1,59596870,0.333079,31966422
"Jun 29, 2020",4.62,321184231,0.122915,5766693,454.88,9382939,1.17,73849699,0.346318,30112415
"Jun 30, 2020",4.57,287882848,0.132072,7673884,455.85,10601431,1.2,70041510,0.335813,25975262
"Jul 01, 2020",4.7,320994716,0.144176,9768399,448.56,8405942,1.34,83246570,0.336967,26369661
"Jul 02, 2020",4.85,429438118,0.141267,10992067,443.9,10723517,1.54,133164735,0.347026,35839631
"Jul 03, 2020",4.74,348151084,0.142856,9113690,446.48,10365686,1.84,290342482,0.380423,85466263
"Jul 04, 2020",4.8,312019710,0.149302,7450957,485.71,17364314,1.65,167806199,0.386329,93508052
"Jul 05, 2020",4.74,319512653,0.145724,6234634,470.33,13631545,1.6,111542267,0.416545,82359992
"Jul 06, 2020",5.37,579868604,0.185369,22126338,467.54,11326448,1.67,125156349,0.399868,90728484
"Jul 07, 2020",5.71,743372951,0.191903,20177958,458.61,8370606,1.58,96152535,0.408428,66261881
"Jul 08, 2020",6.48,942253863,0.192256,9884465,459.78,10105583,1.58,96126066,0.448106,132537336
"Jul 09, 2020",6.1,726623133,0.187434,8627781,455.27,7102712,1.67,113878040,0.427669,74302012
"Jul 10, 2020",6.14,594988189,0.191959,8270219,452.19,5458641,1.62,75502212,0.410787,51932514
"Jul 11, 2020",6.12,434708823,0.226822,19716411,472.57,7474741,1.64,81942983,0.436378,55172146
"Jul 12, 2020",7.31,949141174,0.229255,23548092,460.06,7245498,1.61,75233534,0.424927,43465712
"Jul 13, 2020",7.18,1478593081,0.21339,12992888,450.04,9024437,1.53,96046814,0.402112,54434356
"Jul 14, 2020",8.1,1180730236,0.23697,17329139,463.69,6616640,1.59,95132538,0.395001,48604426
"Jul 15, 2020",8.64,1162846199,0.253697,22787808,457.6,5635029,1.59,100264843,0.390067,36719591
"Jul 16, 2020",8.34,1096087198,0.274847,18801051,443.34,5542522,1.57,99773952,0.399203,46632222
"Jul 17, 2020",8.28,688997844,0.288305,30693979,449.43,6330122,1.64,66931702,0.396992,45188292
"Jul 18, 2020",7.96,733281755,0.309414,19041738,454.02,5432042,1.82,165927336,0.41733,52061220
"Jul 19, 2020",8.07,555719580,0.354888,46919550,465.58,7357409,1.69,86977012,0.418832,45617212
"Jul 20, 2020",7.27,674658006,0.318633,50967675,451.79,6199528,1.64,91424755,0.396282,40652715
"Jul 21, 2020",7.28,685213978,0.303365,32124900,457.68,6939261,1.66,75490245,0.399504,36483300
"Jul 22, 2020",7.47,641161938,0.309938,25712121,491.16,11364445,1.65,70072221,0.400249,32174937
"Jul 23, 2020",7.87,726843306,0.285793,30512983,529.07,47470334,1.6,69044726,0.392619,38322048
"Jul 24, 2020",7.43,560444025,0.310086,29169408,515.08,19854814,1.58,76606766,0.386791,38932015
"Jul 25, 2020",7.66,567102975,0.28947,27143590,525.1,14671103,1.54,90838765,0.393076,34357374
"Jul 26, 2020",7.5,693139972,0.271095,26299126,520.87,15596489,1.51,84457536,0.38465,37634138
"Jul 27, 2020",7.1,921616285,0.236536,38318622,511.3,15586799,1.37,108627189,0.365899,63199603
"Jul 28, 2020",7.22,592707771,0.285694,40110129,516.13,11150041,1.46,90375133,0.382692,48258364
"Jul 29, 2020",7.12,577077884,0.314669,55428250,545.56,13796889,1.42,75479793,0.385543,58552324
"Jul 30, 2020",7.42,605829268,0.333623,57617181,569.18,27175027,1.44,79236357,0.389286,33526017
"Jul 31, 2020",7.77,674556974,0.306369,34265516,557.34,14766857,1.47,79371897,0.381769,28322265
"Aug 01, 2020",8.3,757545560,0.310785,27637770,592.02,18016912,1.48,85990960,0.398543,38140124
"Aug 02, 2020",8.27,1281614849,0.331773,37762671,567.53,22433606,1.41,88022349,0.378638,45788926
"Aug 03, 2020",9.16,944680773,0.312505,34407254,592.87,13229623,1.39,70030735,0.38207,31716082
"Aug 04, 2020",9.82,1400412714,0.321234,22802002,585.52,15267995,1.48,70285750,0.396269,44848051
"Aug 05, 2020",9.56,961098081,0.317634,25392176,594.86,10816997,1.53,108075855,0.398752,39908363
"Aug 06, 2020",10.14,930966731,0.369915,42534224,586.13,10591743,1.6,86324677,0.412799,45073909
"Aug 07, 2020",10.06,1084341900,0.36897,56800987,580.72,11823164,1.53,133432229,0.394193,92058406
"Aug 08, 2020",12.69,2483258217,0.402569,51458337,583.65,9335511,1.69,94652108,0.418745,49879818
"Aug 09, 2020",13.85,2749237741,0.394528,46701293,598.39,12228684,1.79,118292723,0.437827,66755463
"Aug 10, 2020",13.44,1965617198,0.402383,53658994,625.34,19256045,1.72,110521724,0.480022,115105427
"Aug 11, 2020",13.11,1621590153,0.403444,70082217,597.23,32332293,1.6,134679460,0.442384,131283360
"Aug 12, 2020",16.62,2657494080,0.44087,151597322,728.76,128697537,1.7,99443648,0.4647,79705120
"Aug 13, 2020",17.33,3691726917,0.427838,102357580,797.32,127892399,1.74,163224249,0.456069,82398314
"Aug 14, 2020",16.93,1797902764,0.449694,83941116,730.12,53643696,1.88,184579468,0.534045,166964812
"Aug 15, 2020",19.1,2623596923,0.46611,92717619,694.1,37794158,1.85,102453961,0.499342,183824192
"Aug 16, 2020",18.8,1672318397,0.514567,97681341,694.8,35819862,1.88,83237698,0.59699,193117476
"Aug 17, 2020",16.71,1851120442,0.575637,103029446,688.67,46762677,1.77,86025063,0.560903,133449769
"Aug 18, 2020",16.24,3107415351,0.583834,86739637,673.35,30395825,1.68,70383093,0.568065,114627323
"Aug 19, 2020",16.24,2269980597,0.530233,76072811,652.4,32209163,1.59,69903197,0.515143,103985541
"Aug 20, 2020",16.09,1441868241,0.642385,83728170,665.88,38573422,1.72,82300821,0.614285,173870009
"Aug 21, 2020",13.8,2545002567,0.543171,75406851,605.3,38887566,1.66,119544884,0.688047,905217943
"Aug 22, 2020",15.96,1966563137,0.581822,66013474,639.63,29296073,1.72,66512161,0.730374,371284577
"Aug 23, 2020",15.17,1286304278,0.56381,45439793,635.77,26220734,1.72,68814378,0.723172,154269832
"Aug 24, 2020",15.18,1148602183,0.730491,162966835,681.25,42951677,1.69,54530743,0.730751,119033688
"Aug 25, 2020",14.22,1396339667,0.769705,263403494,641.2,42507623,1.59,84099080,0.651612,156475660
"Aug 26, 2020",15.25,1323937547,0.830841,337115646,643.07,40273954,1.63,75845455,0.662262,162338133
"Aug 27, 2020",14.5,1285283437,0.764989,224381916,615.47,39955054,1.54,64537734,0.60647,132263905
"Aug 28, 2020",15.16,975535521,0.806247,191984287,633.86,38391526,1.57,59162658,0.635379,102938989
"Aug 29, 2020",16.57,1982820767,0.787494,124496930,631.53,35174746,1.65,77804514,0.648002,102740804
"Aug 30, 2020",16.47,1833942061,0.781983,145900446,677.75,57151864,1.71,101052150,0.637919,79711864
"Aug 31, 2020",15.71,1431004361,0.743691,142117294,680.4,44892554,1.81,97049254,0.615526,100420079
"Sep 01, 2020",16.12,1602445973,0.75739,174856795,718.89,69490410,1.76,98558024,0.604572,138340243
"Sep 02, 2020",14.9,1440207730,0.683026,180416921,659.49,55167262,1.67,89191205,0.55637,113274595
"Sep 03, 2020",12.02,1702199859,0.528893,164550755,575.15,46066980,1.28,101796356,0.451592,107164675
"Sep 04, 2020",12.49,1796655505,0.65485,209443585,588.69,41524144,1.34,91565404,0.516431,129203086
"Sep 05, 2020",10.61,1906501660,0.53331,217968258,512.09,39377802,1.21,95300790,0.429833,96568979
"Sep 06, 2020",12.91,1953997882,0.589566,204271871,547.19,61646456,1.29,71923431,0.461764,76495234
"Sep 07, 2020",12.43,1891052112,0.574187,132152159,528.41,59807407,1.24,65413157,0.458586,68562500
"Sep 08, 2020",11.79,1393552853,0.551756,107288397,508.86,45534207,1.18,48703028,0.432917,46864065
"Sep 09, 2020",12.38,1212963346,0.680429,171094976,523.83,41005439,1.24,41835000,0.458509,40246788
"Sep 10, 2020",12.55,4019748249,0.686084,165556091,532.48,50408025,1.23,47224798,0.471554,47342555
"Sep 11, 2020",12.5,3397578038,0.693321,156585621,523.73,41211391,1.23,39111300,0.527828,93117926
"Sep 12, 2020",12.77,3524744647,0.7591,172147323,514.99,55163898,1.32,41226827,0.515659,59300894
"Sep 13, 2020",11.99,3644243871,0.691917,194512156,499.24,65197223,1.22,44142689,0.486782,54355302
"Sep 14, 2020",12.12,1249919309,0.689651,189788935,485.01,61771926,1.22,57516838,0.473883,46796278
"Sep 15, 2020",10.98,1195560378,0.589172,172983693,456.04,56754208,1.18,47882374,0.451927,44141801
"Sep 16, 2020",10.76,1153746184,0.608084,179850430,476.22,59732228,1.16,46846239,0.42972,45320856
"Sep 17, 2020",10.99,1259649199,0.572001,176010550,503.84,80186438,1.12,51293809,0.442214,42502238
"Sep 18, 2020",10.08,1114418785,0.580098,124221240,499.94,53845809,1.06,49324070,0.418732,40827293
"Sep 19, 2020",10.15,873109762,0.602518,138942238,515.06,50037925,1.06,37752212,0.428245,36649789
"Sep 20, 2020",9.77,951116672,0.574605,109914778,475.5,48894363,1.01,45287111,0.397618,37446740
"Sep 21, 2020",8.76,1586349748,0.470786,218956745,455.23,68466570,0.910744,60686248,0.369709,54486365
"Sep 22, 2020",8.76,959332861,0.523777,142662352,461.1,32675088,0.941091,39769596,0.379768,36870110
"Sep 23, 2020",7.69,1372140031,0.450508,131495955,437.67,26285664,0.865425,37852511,0.34378,38821793
"Sep 24, 2020",9.83,2186508479,0.512289,120303368,484.56,28970865,0.942554,33415786,0.382941,41541174
"Sep 25, 2020",10.72,2078331373,0.544928,142608284,504.44,28174403,0.978282,43874017,0.404358,45846076
"Sep 26, 2020",10.34,1538966512,0.566358,118875063,524.83,26809452,1.02,44475891,0.392477,39899389
"Sep 27, 2020",10.77,1318565700,0.57121,115143611,501.72,30242890,1.01,37424223,0.396142,44653780
"Sep 28, 2020",10.32,1301773480,0.554607,111826267,513.99,36951111,0.995836,38248036,0.415381,65121751
"Sep 29, 2020",10.11,1580153993,0.535752,101962866,525.51,42265191,0.990136,45660807,0.407269,47660290
"Sep 30, 2020",9.86,1232672628,0.535036,96350521,571.37,48167592,0.983336,37107280,0.410575,30947901
"Oct 01, 2020",9.65,1301204838,0.579122,162714747,576.82,45363409,0.953196,50699626,0.399341,44694620
"Oct 02, 2020",9.23,1439495990,0.536511,165556598,553.87,53764653,0.927169,64491161,0.390109,49759907
"Oct 03, 2020",9.31,746459914,0.547089,89561068,560.22,36635820,0.908358,32823576,0.377523,29500586
"Oct 04, 2020",9.42,753626156,0.536758,72550199,570.82,27412301,0.934176,40555278,0.376933,29554202
"Oct 05, 2020",9.65,1028857966,0.522711,67532560,565.3,30138002,0.924787,34341063,0.37785,27831636
"Oct 06, 2020",8.78,1012162070,0.437209,98869138,522.72,42411978,0.860274,41125734,0.352958,32863225
